"Early Release, Subject to Revision",...2,...3,...4,...5,...6,...7,...8,...9,...10,...11,...12,...13,...14,...15,...16,...17,...18,...19,...20,...21,...22,...23,...24,...25,...26,...27
"Table 2.5a   Revenue, Sales and Customers by customer type for certificated utilities ($000, MWh, Accounts), 2020",NA,NA,NA,NA,NA,NA,NA,NA,NA,NA,NA,NA,NA,NA,NA,NA,NA,NA,NA,NA,NA,NA,NA,NA,NA,NA
NA,NA,NA,NA,NA,NA,NA,NA,NA,NA,NA,NA,NA,NA,NA,NA,NA,NA,NA,NA,NA,NA,NA,NA,NA,NA,NA
AEA Sales Reporting ID,PCE ID,RCA CPCN,Utility Name,Reporting Name,Intertie Name,AEA Energy Region,Residential Revenue $000,"Residential Sales
 MWh",Residential Customers,Residential $/kWh,Commercial Revenue $000,"Commercial Sales 
MWh",Commercial Customers,Commercial $/kWh,Other Revenue $000,"Other Sales 
MWh",Other Customers,Other $/kWh,Total Revenue $000,"Total Sales 
MWh",Total Customers,Average Revenue $/kWh,Data Source,Number of monthly records,Communities reported,Notes
SR-1,0,1,Alaska Electric Light&Power Co,Alaska Electric Light&Power Co,Juneau_grid,Southeast,19656,157074,14901,0.12513846976584286,11952.1,114502,2374,0.10438332954882884,13080.5,113405,128,0.11534323883426657,44688.6,384981,17403,0.11608001433836994,EIA861,0,"Juneau, Douglas, Greens Creek (Industrial)",NA
SR-10,0,227,TDX North Slope Generating Co,TDX North Slope Generating Co,Deadhorse_grid,North Slope,NA,NA,NA,NA,11562,53030,165,NA,NA,NA,NA,NA,11562,53030,165,0.21802753158589477,EIA861,0,Deadhorse,NA
SR-100,331420,169,Alaska Village Electric Cooperative,Koyuk,Koyuk_grid,Bering Straits,281.92530124999996,492.57499999999999,86.333333333333329,0.57234999999999991,96.174259899999981,168.03399999999999,10,0.57234999999999991,302.86472600000002,529.16000000000008,31.833333333333336,0.57234999999999991,680.9642871499999,1189.769,128.16666666666666,0.57234999999999991,PCE,12,Koyuk,PCE revenue assumes all kWh are at residential rate
SR-101,332140,687,"Koyukuk, City of",Koyukuk,Koyukuk_grid,Yukon-Koyukuk/Upper Tanana,89.216399999999993,93.912000000000006,56.25,0.94999999999999984,80.901999999999987,85.16,4,0.94999999999999984,34.678799999999995,36.503999999999998,10.833333333333332,0.95,204.79719999999995,215.57599999999999,71.083333333333329,0.94999999999999973,PCE,12,Koyukuk,PCE revenue assumes all kWh are at residential rate
SR-102,332150,281,Kwethluk Incorporated d/b/a Kuiggluum Kallugvia,Kwethluk,Kwethluk_grid,Lower Yukon-Kuskokwim,482.07951999999995,927.07600000000002,185.5,0.51999999999999991,295.93095999999991,569.09799999999996,1.5833333333333333,0.51999999999999991,18.004479999999994,34.623999999999995,31,0.51999999999999991,796.01495999999986,1530.798,218.08333333333334,0.51999999999999991,PCE,12,Kwethluk,PCE revenue assumes all kWh are at residential rate
SR-103,332160,376,Kwigillingok Power Company,Kwigillingok,Kwigillingok_grid,Lower Yukon-Kuskokwim,373.57994000000002,557.58199999999999,101.83333333333333,0.67,324.30613,484.03899999999999,3,0.67,34.129800000000003,50.94,19.5,0.67,732.01587000000018,1092.5610000000001,124.33333333333333,0.67,PCE,12,Kwigillingok,PCE revenue assumes all kWh are at residential rate
SR-104,332170,353,Larsen Bay Utility Company,Larsen Bay,Larsen Bay_grid,Kodiak,26.444590000000002,64.498999999999995,50.428571428571431,0.41000000000000003,76.299360000000007,186.096,11.285714285714286,0.41000000000000003,49.234440000000006,120.084,29,0.41000000000000003,151.97838999999999,370.67899999999997,90.714285714285722,0.41,PCE,7,Larsen Bay,PCE revenue assumes all kWh are at residential rate
SR-105,332180,330,Levelock Electrical Coop,Levelock,Levelock_grid,Bristol Bay,98.089149999999975,115.399,40,0.84999999999999976,109.23434999999996,128.511,6.833333333333333,0.84999999999999976,67.754349999999974,79.710999999999999,25.083333333333332,0.84999999999999964,275.0778499999999,323.62099999999998,71.916666666666657,0.84999999999999976,PCE,12,Levelock,PCE revenue assumes all kWh are at residential rate
SR-106,332190,570,Lime Village Electric Utility,Lime Village,Lime Village_grid,Lower Yukon-Kuskokwim,4.9595400000000005,2.802,12,1.7700000000000002,7.5720599999999996,4.2779999999999996,6,1.77,6.7596299999999996,3.819,2,1.77,19.291229999999999,10.898999999999999,20,1.77,PCE,1,Lime Village,PCE revenue assumes all kWh are at residential rate
SR-107,331430,169,Alaska Village Electric Cooperative,Lower Kalskag,Upper Kalskag_grid,Lower Yukon-Kuskokwim,188.25441733333332,345.84399999999999,87.083333333333329,0.54433333333333334,32.243040666666666,59.234000000000002,6.833333333333333,0.54433333333333334,172.018587,316.017,11.833333333333334,0.54433333333333334,392.51604500000002,721.09500000000003,105.75,0.54433333333333334,PCE,12,Lower Kalskag,PCE revenue assumes all kWh are at residential rate
SR-108,332200,264,TDX Manley Generating LLC,Manley Hot Springs,Manley Hot Springs_grid,Yukon-Koyukuk/Upper Tanana,160.92257500000002,161.65,80.25,0.99550000000000016,159.58860500000003,160.31,13.5,0.99550000000000016,120.03440350000002,120.577,19.083333333333336,0.99550000000000027,440.54558350000013,442.53700000000003,112.83333333333334,0.99550000000000027,PCE,12,Manley Hot Springs,PCE revenue assumes all kWh are at residential rate
SR-109,332210,321,Manokotak Power Company,Manokotak,Manokotak_grid,Bristol Bay,357.90059999999988,596.50099999999998,136.25,0.59999999999999987,115.83959999999998,193.066,5,0.59999999999999987,135.42959999999997,225.71600000000001,32,0.59999999999999987,609.1697999999999,1015.283,173.25,0.59999999999999987,PCE,12,Manokotak,PCE revenue assumes all kWh are at residential rate
SR-11,331005,684,TDX Adak Generating LLC,Adak,Adak_grid,Aleutians,277.92029893333336,196.01300000000001,77.666666666666671,1.4178666666666668,683.72933546666661,482.22399999999999,9,1.4178666666666666,538.85030159999997,380.04300000000001,115.66666666666667,1.4178666666666666,1500.4999359999999,1058.28,202.33333333333334,1.4178666666666666,PCE,12,Adak,PCE revenue assumes all kWh are at residential rate
SR-110,331440,169,Alaska Village Electric Cooperative,Marshall,Marshall_grid,Lower Yukon-Kuskokwim,313.21398959999999,585.39200000000005,105.41666666666667,0.53504999999999991,51.60503744999999,96.448999999999998,18.833333333333332,0.53504999999999991,382.09953689999992,714.13799999999992,20.833333333333336,0.53504999999999991,746.91856394999979,1395.9789999999998,145.08333333333334,0.53504999999999991,PCE,12,Marshall,PCE revenue assumes all kWh are at residential rate
SR-111,332220,44,Mcgrath Light & Power,McGrath,McGrath_grid,Yukon-Koyukuk/Upper Tanana,426.31111191666662,542.03,172.41666666666666,0.78650833333333325,575.1987124333333,731.33199999999999,14.083333333333334,0.78650833333333325,522.41141913333331,664.21600000000001,83.583333333333329,0.78650833333333325,1523.9212434833332,1937.578,270.08333333333331,0.78650833333333325,PCE,12,McGrath,PCE revenue assumes all kWh are at residential rate
SR-112,331450,169,Alaska Village Electric Cooperative,Mekoryuk,Mekoryuk_grid,Lower Yukon-Kuskokwim,161.04900817499998,288.34699999999998,86.416666666666671,0.55852499999999994,55.831276049999992,99.962000000000003,12,0.55852499999999994,229.68111869999998,411.22800000000001,30.166666666666668,0.55852499999999994,446.56140292499998,799.53700000000003,128.58333333333334,0.55852499999999994,PCE,12,Mekoryuk,PCE revenue assumes all kWh are at residential rate
SR-113,331160,2,Alaska Power & Telephone Company,Mentasta Lake,Slana_grid,Copper River/Chugach,85.304965141666642,151.66900000000001,47.75,0.56244166666666651,91.460326741666634,162.613,4,0.56244166666666651,53.781797049999987,95.622,20.5,0.56244166666666651,230.54708893333327,409.904,72.25,0.56244166666666651,PCE,12,Mentasta Lake,PCE revenue assumes all kWh are at residential rate
SR-114,331460,169,Alaska Village Electric Cooperative,Minto,Minto_grid,Yukon-Koyukuk/Upper Tanana,151.11689367500003,294.33100000000002,74.5,0.51342500000000002,NA,NA,7,NA,183.63055864999998,357.65799999999996,16.75,0.51342500000000002,334.74745232500004,651.98900000000003,98.25,0.51342500000000002,PCE,12,Minto,PCE revenue assumes all kWh are at residential rate
SR-115,331470,169,Alaska Village Electric Cooperative,Mountain Village,Saint Mary's_grid,Lower Yukon-Kuskokwim,512.04634996666653,922.24599999999998,175.41666666666666,0.55521666666666658,197.3356628833333,355.42099999999999,17.5,0.55521666666666658,671.10204454999985,1208.721,47.25,0.55521666666666658,1380.4840573999998,2486.3879999999999,240.16666666666666,0.55521666666666658,PCE,12,Mountain Village,PCE revenue assumes all kWh are at residential rate
SR-116,332280,22,Naknek Electric Association,"Naknek, South Naknek, King Salmon",Naknek_grid,Bristol Bay,1540.0324451166666,3193.2109999999998,695.83333333333337,0.48228333333333334,5646.6007568166669,11708.057000000001,38,0.48228333333333334,2208.2215349500002,4578.6810000000005,388.66666666666669,0.48228333333333334,9394.8547368833333,19479.949000000001,1122.5,0.48228333333333334,PCE,12,"Naknek, South Naknek, King Salmon",PCE revenue assumes all kWh are at residential rate
SR-117,332290,319,Napakiak Ircinraq,Napakiak,Bethel_grid,Lower Yukon-Kuskokwim,300.56107724999998,377.88600000000002,107.58333333333333,0.79537499999999994,192.71061337499995,242.28899999999999,4,0.79537499999999983,47.326403249999984,59.501999999999995,16,0.79537499999999983,540.5980938749999,679.67700000000002,127.58333333333333,0.79537499999999983,PCE,12,Napakiak,PCE revenue assumes all kWh are at residential rate
SR-118,332300,625,Napaskiak Electric Utility,Napaskiak,Napaskiak_grid,Lower Yukon-Kuskokwim,276.1234,394.46199999999999,111.83333333333333,0.70000000000000007,124.5314,177.90199999999999,8,0.70000000000000007,31.6904,45.271999999999998,22.333333333333336,0.70000000000000007,432.34520000000003,617.63599999999997,142.16666666666666,0.70000000000000007,PCE,12,Napaskiak,PCE revenue assumes all kWh are at residential rate
SR-119,331170,2,Alaska Power & Telephone Company,Naukati Bay,Prince of Wales Is._grid,Southeast,123.74739640000001,468.03100000000001,91.833333333333329,0.26440000000000002,35.689505200000006,134.983,0,0.26440000000000002,11.7742608,44.531999999999996,15.083333333333332,0.26440000000000002,171.21116240000003,647.54600000000005,106.91666666666666,0.26440000000000002,PCE,12,Naukati Bay,PCE revenue assumes all kWh are at residential rate
SR-12,331010,449,"Akhiok, City of",Akhiok,Akhiok_grid,Kodiak,66.976799999999997,83.721000000000004,27,0.79999999999999993,92.772799999999989,115.96599999999999,5.75,0.79999999999999993,20.500799999999998,25.626000000000001,10.25,0.79999999999999993,180.25039999999998,225.31299999999999,43,0.79999999999999993,PCE,12,Akhiok,PCE revenue assumes all kWh are at residential rate
SR-120,332320,340,Nelson Lagoon Electrical Coop,Nelson Lagoon,Nelson Lagoon_grid,Aleutians,99.378720000000001,118.30800000000001,31.583333333333332,0.84,70.724639999999994,84.195999999999998,7.166666666666667,0.84,30.034199999999995,35.754999999999995,23.833333333333332,0.84,200.13756000000001,238.25900000000001,62.583333333333329,0.84,PCE,12,Nelson Lagoon,PCE revenue assumes all kWh are at residential rate
SR-121,331480,169,Alaska Village Electric Cooperative,New Stuyahok,New_Stuyahok_grid,Bristol Bay,357.22086201666673,580.00599999999997,104.25,0.61589166666666684,57.026025308333345,92.590999999999994,9.5,0.61589166666666684,418.26126920833343,679.11500000000001,38.083333333333329,0.61589166666666684,832.50815653333359,1351.712,151.83333333333331,0.61589166666666684,PCE,12,New Stuyahok,PCE revenue assumes all kWh are at residential rate
SR-122,332870,375,Ungusraq Power Company,Newtok,Newtok_grid,Lower Yukon-Kuskokwim,137.17679999999999,171.471,65.3,0.79999999999999993,64.170399999999987,80.212999999999994,2.1,0.79999999999999993,18.281599999999997,22.852,18.3,0.79999999999999982,219.62879999999998,274.536,85.7,0.79999999999999993,PCE,10,Newtok,PCE revenue assumes all kWh are at residential rate
SR-123,331490,169,Alaska Village Electric Cooperative,Nightmute,Toksook Bay_grid,Lower Yukon-Kuskokwim,157.2634882916667,279.38499999999999,51.75,0.56289166666666679,19.998415133333339,35.527999999999999,7,0.56289166666666679,295.36220400833338,524.72299999999996,22.916666666666664,0.56289166666666679,472.62410743333339,839.63599999999997,81.666666666666657,0.56289166666666679,PCE,12,Nightmute,PCE revenue assumes all kWh are at residential rate
SR-124,332330,416,"Nikolai, City of",Nikolai,Nikolai_grid,Yukon-Koyukuk/Upper Tanana,148.79070000000004,165.32300000000001,42.272727272727273,0.90000000000000024,76.726800000000011,85.251999999999995,7.5454545454545459,0.90000000000000013,52.874100000000013,58.748999999999995,11.727272727272727,0.90000000000000024,278.39160000000004,309.32399999999996,61.545454545454547,0.90000000000000024,PCE,11,Nikolai,PCE revenue assumes all kWh are at residential rate
SR-125,332740,242,Umnak Power Company,Nikolski,Nikolski_grid,Aleutians,37.426500000000004,49.902000000000001,13,0.75000000000000011,44.53725,59.383000000000003,5,0.75,26.860500000000002,35.814,8.0833333333333321,0.75,108.82424999999999,145.09899999999999,26.083333333333332,0.75,PCE,12,Nikolski,PCE revenue assumes all kWh are at residential rate
SR-126,331500,169,Alaska Village Electric Cooperative,Noatak,Noatak_grid,Northwest Arctic,788.75896304999992,846.69399999999996,117.5,0.93157499999999993,121.08611849999998,129.97999999999999,7,0.93157499999999993,661.90173742499996,710.51900000000001,29.166666666666664,0.93157499999999993,1571.7468189749998,1687.193,153.66666666666666,0.93157499999999982,PCE,12,Noatak,PCE revenue assumes all kWh are at residential rate
SR-127,332340,150,Nome Joint Utility Systems,Nome,Nome_grid,Bering Straits,3236.568865416667,8857.2009999999991,1746.25,0.36541666666666672,3310.7948566666669,9060.3279999999995,65.333333333333329,0.36541666666666672,3965.3715783333341,10851.644,389.58333333333337,0.36541666666666672,10512.735300416669,28769.173000000003,2201.1666666666665,0.36541666666666672,PCE,12,Nome,PCE revenue assumes all kWh are at residential rate
SR-128,331510,169,Alaska Village Electric Cooperative,Noorvik,Noorvik_grid,Northwest Arctic,507.16775871666675,877.16200000000003,138.58333333333334,0.57819166666666677,94.334861375000017,163.155,10,0.57819166666666677,453.58095505000006,784.48199999999997,33.5,0.57819166666666677,1055.0835751416669,1824.799,182.08333333333334,0.57819166666666677,PCE,12,Noorvik,PCE revenue assumes all kWh are at residential rate
SR-129,331180,2,Alaska Power & Telephone Company,"Northway, Northway Village, Northway Junction",Northway_grid,Yukon-Koyukuk/Upper Tanana,201.49896933333341,354.23200000000003,86.583333333333329,0.56883333333333352,171.20745666666673,300.98,6,0.56883333333333352,187.95106583333339,330.41499999999996,32.166666666666664,0.56883333333333352,560.65749183333344,985.62699999999995,124.75,0.56883333333333341,PCE,12,"Northway, Northway Village, Northway Junction",PCE revenue assumes all kWh are at residential rate
SR-13,331020,412,Akiachak Native Community,Akiachak,Akiachak_grid,Lower Yukon-Kuskokwim,441.92004999999995,715.66,184,0.61749999999999994,221.97087249999996,359.46699999999998,9.75,0.61749999999999994,388.56002249999995,629.24699999999996,44.083333333333329,0.61749999999999994,1052.4509449999998,1704.3739999999998,237.83333333333331,0.61749999999999994,PCE,12,Akiachak,PCE revenue assumes all kWh are at residential rate
SR-130,332380,254,North Slope Borough Power & Light,Nuiqsut,Nuiqsut_grid,North Slope,95.379082499999981,978.24699999999996,111.91666666666667,9.7499999999999989E-2,497.55488249999996,5103.1270000000004,3,9.7499999999999989E-2,14.249039999999999,146.14400000000001,75.166666666666671,9.7499999999999989E-2,607.18300499999998,6227.5180000000009,190.08333333333334,9.7499999999999976E-2,PCE,12,Nuiqsut,PCE revenue assumes all kWh are at residential rate
SR-131,331520,169,Alaska Village Electric Cooperative,Nulato,Nulato_grid,Yukon-Koyukuk/Upper Tanana,264.65118071666666,489.10599999999999,109.08333333333333,0.54109166666666664,NA,NA,15,NA,264.50508596666668,488.83600000000001,15.166666666666666,0.54109166666666664,529.15626668333334,977.94200000000001,139.25,0.54109166666666664,PCE,12,Nulato,PCE revenue assumes all kWh are at residential rate
SR-132,332420,408,Nunam Iqua Electric Company,Nunam Iqua,Nunam Iqua_grid,Lower Yukon-Kuskokwim,109.65413619999998,244.50899999999999,48.166666666666664,0.44846666666666662,143.42726393333334,319.81700000000001,6,0.44846666666666668,84.287964599999995,187.947,14.416666666666666,0.44846666666666662,337.36936473333333,752.27300000000002,68.583333333333329,0.44846666666666662,PCE,12,Nunam Iqua,PCE revenue assumes all kWh are at residential rate
SR-133,331530,169,Alaska Village Electric Cooperative,Nunapitchuk,Kasigluk_grid,Lower Yukon-Kuskokwim,336.76870085833326,617.14099999999996,123,0.54569166666666657,61.836142591666651,113.31699999999999,11.25,0.54569166666666657,263.68421594166665,483.21100000000001,29.083333333333336,0.54569166666666657,662.28905939166646,1213.6689999999999,163.33333333333334,0.54569166666666657,PCE,12,Nunapitchuk,PCE revenue assumes all kWh are at residential rate
SR-134,331540,169,Alaska Village Electric Cooperative,Old Harbor,Old Harbor_grid,Kodiak,199.07608326666664,363.27199999999999,93.083333333333329,0.54800833333333332,NA,NA,12,NA,206.38596642499999,376.61099999999999,23.75,0.54800833333333332,405.46204969166666,739.88300000000004,128.83333333333331,0.54800833333333332,PCE,12,Old Harbor,PCE revenue assumes all kWh are at residential rate
SR-135,332440,357,"Ouzinkie, City of",Ouzinkie,Ouzinkie_grid,Kodiak,99.857697649999992,248.28899999999999,73,0.40218333333333334,90.655340799999991,225.40799999999999,13.166666666666666,0.40218333333333334,45.481706616666671,113.087,24.833333333333332,0.40218333333333334,235.99474506666667,586.78399999999999,111,0.40218333333333334,PCE,12,Ouzinkie,PCE revenue assumes all kWh are at residential rate
SR-136,332450,662,Pedro Bay Village Council,Pedro Bay,Pedro Bay_grid,Bristol Bay,48.829256666666673,59.851999999999997,31.75,0.81583333333333352,62.991307500000012,77.210999999999999,4,0.81583333333333352,27.735070000000004,33.995999999999995,14.416666666666666,0.81583333333333352,139.55563416666669,171.059,50.166666666666664,0.81583333333333352,PCE,12,Pedro Bay,PCE revenue assumes all kWh are at residential rate
SR-137,332460,24,Pelican Utility,Pelican,Pelican_grid,Southeast,NA,NA,NA,NA,NA,NA,NA,NA,NA,NA,NA,NA,193,646,101,0.29876160990712075,EIA861S,0,Pelican,NA
SR-138,332470,659,Native Village of Perryville,Perryville,Perryville_grid,Bristol Bay,92.174699999999987,97.025999999999996,47,0.95,190.64505,200.679,0,0.95,7.0499499999999999,7.4210000000000003,18.399999999999999,0.95,289.86969999999997,305.12599999999998,65.400000000000006,0.95,PCE,10,Perryville,PCE revenue assumes all kWh are at residential rate
SR-139,332480,425,Pilot Point Electric Utility,Pilot Point,Pilot Point_grid,Bristol Bay,83.10899999999998,138.51499999999999,32.5,0.59999999999999987,101.77319999999999,169.62200000000001,10,0.59999999999999987,50.710799999999992,84.518000000000001,19.5,0.59999999999999987,235.59299999999993,392.65499999999997,62,0.59999999999999987,PCE,12,Pilot Point,PCE revenue assumes all kWh are at residential rate
SR-14,331030,635,Akiak City Council,Akiak,Akiak_grid,Lower Yukon-Kuskokwim,199.20315000000005,375.85500000000002,98.63636363636364,0.53000000000000014,307.61094000000008,580.39800000000002,3.6363636363636362,0.53000000000000014,25.167580000000008,47.486000000000004,30.90909090909091,0.53000000000000014,531.98167000000012,1003.739,133.18181818181819,0.53000000000000014,PCE,11,Akiak,PCE revenue assumes all kWh are at residential rate
SR-140,331550,169,Alaska Village Electric Cooperative,Pilot Station,Pilot Station_grid,Lower Yukon-Kuskokwim,375.86224116666671,687.49,134.16666666666666,0.54671666666666674,129.19406878333334,236.309,12.75,0.54671666666666663,439.39290470000003,803.69399999999996,24.583333333333336,0.54671666666666674,944.44921465000004,1727.4929999999999,171.5,0.54671666666666674,PCE,12,Pilot Station,PCE revenue assumes all kWh are at residential rate
SR-141,331560,169,Alaska Village Electric Cooperative,Pitkas Point,Saint Mary's_grid,Lower Yukon-Kuskokwim,58.60269572499999,153.21299999999999,30.166666666666668,0.38249166666666662,NA,NA,5.083333333333333,NA,58.173157583333328,152.09,3.5,0.38249166666666662,116.77585330833331,305.303,38.75,0.38249166666666662,PCE,12,Pitkas Point,PCE revenue assumes all kWh are at residential rate
SR-143,332390,254,North Slope Borough Power & Light,Point Hope,Point Hope_grid,North Slope,392.11620640000001,1863.7439999999999,193.33333333333334,0.21039166666666667,800.52766816666667,3804.94,2,0.21039166666666667,26.522394283333334,126.062,81.833333333333329,0.21039166666666667,1219.1662688500001,5794.7460000000001,277.16666666666669,0.21039166666666667,PCE,12,Point Hope,PCE revenue assumes all kWh are at residential rate
SR-144,332400,254,North Slope Borough Power & Light,Point Lay,Point Lay_grid,North Slope,132.77658284999998,644.70299999999997,64.416666666666671,0.20594999999999999,490.09633169999995,2379.6860000000001,1,0.20594999999999997,22.081341149999997,107.217,42.583333333333336,0.20594999999999997,644.95425569999998,3131.6060000000002,108,0.20594999999999997,PCE,12,Point Lay,PCE revenue assumes all kWh are at residential rate
SR-145,332590,447,Tanalian Electric Cooperative,Port Alsworth,Port Alsworth_grid,Bristol Bay,210.24309075000002,336.54599999999999,80.666666666666671,0.62470833333333342,243.74932220833335,390.18099999999998,0,0.62470833333333342,49.620582916666677,79.430000000000007,71.083333333333329,0.62470833333333342,503.61299587500002,806.15699999999993,151.75,0.62470833333333342,PCE,12,Port Alsworth,PCE revenue assumes all kWh are at residential rate
SR-146,332500,399,Port Heiden Utilities,Port Heiden,Port Heiden_grid,Bristol Bay,112.20885000000001,172.62899999999999,50.583333333333336,0.65000000000000013,88.085400000000007,135.51599999999999,6.75,0.65000000000000013,123.79120000000003,190.44800000000001,33.916666666666664,0.65000000000000013,324.08545000000004,498.59299999999996,91.25,0.65000000000000013,PCE,12,Port Heiden,PCE revenue assumes all kWh are at residential rate
SR-147,331570,169,Alaska Village Electric Cooperative,Quinhagak,Quinhagak_grid,Lower Yukon-Kuskokwim,562.57089794166677,1092.3530000000001,190.16666666666666,0.5150083333333334,146.32056260833335,284.113,16,0.5150083333333334,386.61830085833338,750.70299999999997,20.75,0.5150083333333334,1095.5097614083334,2127.1689999999999,226.91666666666666,0.5150083333333334,PCE,12,Quinhagak,PCE revenue assumes all kWh are at residential rate
SR-148,332520,759,Rampart Village Council,Rampart,Rampart_grid,Yukon-Koyukuk/Upper Tanana,63.53259534999998,77.748999999999995,35.083333333333336,0.81714999999999982,22.344149599999994,27.344000000000001,6.166666666666667,0.81714999999999971,87.118812949999977,106.613,6.75,0.81714999999999982,172.99555789999997,211.70599999999999,48,0.81714999999999993,PCE,12,Rampart,PCE revenue assumes all kWh are at residential rate
SR-149,332250,343,Middle Kuskokwim Electric,Red Devil,Red Devil_grid,Lower Yukon-Kuskokwim,46.948378291666671,35.850999999999999,11.083333333333334,1.3095416666666668,18.565372208333336,14.177,0.16666666666666666,1.3095416666666668,7.9292747916666668,6.0549999999999997,6.6666666666666661,1.3095416666666668,73.443025291666672,56.082999999999998,17.916666666666668,1.3095416666666668,PCE,12,Red Devil,PCE revenue assumes all kWh are at residential rate
SR-15,331040,293,"Akutan, City of",Akutan,Akutan_grid,Aleutians,186.44604999999996,196.25899999999999,46.5,0.94999999999999984,210.83824999999996,221.935,10.833333333333334,0.94999999999999984,121.01004999999998,127.37899999999999,25.416666666666668,0.94999999999999984,518.29434999999989,545.57299999999998,82.75,0.94999999999999984,PCE,12,Akutan,PCE revenue assumes all kWh are at residential rate
SR-150,332530,364,"Ruby, City of",Ruby,Ruby_grid,Yukon-Koyukuk/Upper Tanana,194.0445,258.726,109.58333333333333,0.75,190.90199999999999,254.536,15.75,0.74999999999999989,105.75299999999999,141.00399999999999,27,0.75,490.69949999999994,654.26599999999996,152.33333333333331,0.75,PCE,12,Ruby,PCE revenue assumes all kWh are at residential rate
SR-151,331580,169,Alaska Village Electric Cooperative,Russian Mission,Russian Mission_grid,Lower Yukon-Kuskokwim,228.89909813333338,418.10599999999999,79.25,0.54746666666666677,19.774496000000003,36.119999999999997,7,0.54746666666666677,235.52016000000003,430.2,15.333333333333332,0.54746666666666677,484.19375413333336,884.42599999999993,101.58333333333333,0.54746666666666677,PCE,12,Russian Mission,PCE revenue assumes all kWh are at residential rate
SR-152,332550,410,"Saint George, City of",Saint George,Saint George_grid,Aleutians,145.79499999999999,145.79499999999999,39.75,1,85.247,85.247,6.333333333333333,1,145.482,145.482,26.333333333333336,1,376.524,376.524,72.416666666666671,1,PCE,12,Saint George,PCE revenue assumes all kWh are at residential rate
SR-153,331660,169,Alaska Village Electric Cooperative,"Saint Mary's, Andreafsky",Saint Mary's_grid,Lower Yukon-Kuskokwim,329.26795124999995,860.85,178.5,0.38249166666666662,152.10469609999998,397.66800000000001,17,0.38249166666666662,539.18741024166661,1409.671,56.916666666666671,0.38249166666666662,1020.5600575916665,2668.1889999999999,252.41666666666669,0.38249166666666662,PCE,12,"Saint Mary's, Andreafsky",PCE revenue assumes all kWh are at residential rate
SR-154,331670,169,Alaska Village Electric Cooperative,Saint Michael,Stebbins_grid,Bering Straits,319.06643946666668,587.39200000000005,88.083333333333329,0.54319166666666663,114.37661009999999,210.56399999999999,10,0.54319166666666663,495.89922739999992,912.93599999999992,38.583333333333329,0.54319166666666663,929.34227696666665,1710.8920000000001,136.66666666666666,0.54319166666666663,PCE,12,Saint Michael,PCE revenue assumes all kWh are at residential rate
SR-155,332560,339,Saint Paul Municipal Electric,Saint Paul,Saint Paul_grid,Aleutians,280.03656000000007,683.01599999999996,135.08333333333334,0.41000000000000014,456.6530800000001,1113.788,28.583333333333332,0.41000000000000009,410.13735000000008,1000.335,81.5,0.41000000000000009,1146.8269900000003,2797.1390000000001,245.16666666666669,0.41000000000000009,PCE,12,Saint Paul,PCE revenue assumes all kWh are at residential rate
SR-156,332540,749,TDX Corporation,Sand Point,Sand Point_grid,Aleutians,643.36907708333342,1252.625,248.25,0.51361666666666672,552.56216403333337,1075.826,29,0.51361666666666672,505.59602880000006,984.38400000000001,106.16666666666667,0.51361666666666672,1701.5272699166669,3312.835,383.41666666666669,0.51361666666666672,PCE,12,Sand Point,PCE revenue assumes all kWh are at residential rate
SR-157,331590,169,Alaska Village Electric Cooperative,Savoonga,Savoonga_grid,Bering Straits,542.47183094166655,1000.609,161.66666666666666,0.54214166666666652,22.219134066666662,40.984000000000002,8.8333333333333339,0.54214166666666652,668.39399157499975,1232.877,47,0.54214166666666652,1233.084956583333,2274.4699999999998,217.5,0.54214166666666652,PCE,12,Savoonga,PCE revenue assumes all kWh are at residential rate
SR-158,331600,169,Alaska Village Electric Cooperative,Scammon Bay,Scammon Bay_grid,Lower Yukon-Kuskokwim,348.02669200000003,622.58799999999997,124.58333333333333,0.55900000000000005,45.964334000000001,82.225999999999999,8,0.55900000000000005,462.61610200000001,827.57799999999997,38.833333333333336,0.55900000000000005,856.60712799999999,1532.3919999999998,171.41666666666666,0.55900000000000005,PCE,12,Scammon Bay,PCE revenue assumes all kWh are at residential rate
SR-159,331610,169,Alaska Village Electric Cooperative,Selawik,Selawik_grid,Northwest Arctic,656.67414627500011,1153.2570000000001,171.66666666666666,0.56940833333333341,140.24470309166668,246.29900000000001,16.916666666666668,0.56940833333333341,774.09696336666684,1359.4760000000001,42.083333333333329,0.56940833333333341,1571.0158127333336,2759.0320000000002,230.66666666666666,0.56940833333333341,PCE,12,Selawik,PCE revenue assumes all kWh are at residential rate
SR-16,331240,169,Alaska Village Electric Cooperative,Alakanuk,Emmonak_grid,Lower Yukon-Kuskokwim,426.36862214999996,802.61400000000003,160.33333333333334,0.53122499999999995,83.642969924999989,157.453,10,0.53122499999999995,481.46409179999995,906.32799999999997,33.666666666666671,0.53122499999999995,991.47568387499985,1866.395,204,0.53122499999999995,PCE,12,Alakanuk,PCE revenue assumes all kWh are at residential rate
SR-160,331620,169,Alaska Village Electric Cooperative,Shageluk,Shageluk_grid,Yukon-Koyukuk/Upper Tanana,70.791059166666656,126.601,36,0.55916666666666659,56.471359999999997,100.992,8.5,0.55916666666666659,91.85934083333332,164.279,13.333333333333332,0.55916666666666659,219.12175999999997,391.87200000000001,57.833333333333329,0.55916666666666659,PCE,12,Shageluk,PCE revenue assumes all kWh are at residential rate
SR-161,331630,169,Alaska Village Electric Cooperative,Shaktoolik,Shaktoolik_grid,Bering Straits,240.84171405000001,435.24299999999999,62,0.55335000000000001,84.427929599999999,152.57599999999999,4,0.55335000000000001,238.81866644999999,431.58699999999999,31.166666666666664,0.55335000000000001,564.08831009999994,1019.4059999999999,97.166666666666657,0.55335000000000001,PCE,12,Shaktoolik,PCE revenue assumes all kWh are at residential rate
SR-162,331640,169,Alaska Village Electric Cooperative,Shishmaref,Shishmaref_grid,Bering Straits,415.1107566666667,736.88300000000004,152.83333333333334,0.56333333333333335,134.87890000000002,239.43,10.833333333333334,0.56333333333333335,440.8336833333334,782.54500000000007,44.333333333333336,0.56333333333333335,990.82334000000014,1758.8580000000002,208,0.56333333333333335,PCE,12,Shishmaref,PCE revenue assumes all kWh are at residential rate
SR-163,331650,169,Alaska Village Electric Cooperative,Shungnak,Shungnak_grid,Northwest Arctic,288.15244860833337,403.91899999999998,62.666666666666664,0.71339166666666676,64.023335125000017,89.745000000000005,9.3333333333333339,0.71339166666666687,306.82190852500003,430.089,21.083333333333336,0.71339166666666676,658.99769225833347,923.75300000000004,93.083333333333343,0.71339166666666676,PCE,12,Shungnak,PCE revenue assumes all kWh are at residential rate
SR-164,331190,2,Alaska Power & Telephone Company,Skagway,UpperLynnCanal_grid,Southeast,878.68897957499996,3250.491,635,0.27032499999999998,1250.6607750999999,4626.5079999999998,31.833333333333332,0.27032499999999998,514.14706667499991,1901.9589999999998,600.08333333333337,0.27032499999999998,2643.4968213499997,9778.9579999999987,1266.9166666666667,0.27032499999999998,PCE,12,Skagway,PCE revenue assumes all kWh are at residential rate
SR-165,331195,2,Alaska Power & Telephone Company,Slana,Slana_grid,Copper River/Chugach,154.46230749999998,274.62,73.083333333333329,0.56245833333333328,39.585255041666663,70.379000000000005,1,0.56245833333333328,60.438960208333334,107.45500000000001,17,0.56245833333333328,254.48652274999998,452.45400000000001,91.083333333333329,0.56245833333333328,PCE,12,Slana,PCE revenue assumes all kWh are at residential rate
SR-166,332260,343,Middle Kuskokwim Electric,Sleetmute,Sleetmute_grid,Lower Yukon-Kuskokwim,121.77558912500001,92.991,31.833333333333332,1.3095416666666668,108.72338733333335,83.024000000000001,5.5,1.3095416666666668,94.293547708333335,72.004999999999995,9.5,1.3095416666666668,324.79252416666668,248.01999999999998,46.833333333333329,1.3095416666666668,PCE,12,Sleetmute,PCE revenue assumes all kWh are at residential rate
SR-167,331680,169,Alaska Village Electric Cooperative,Stebbins,Stebbins_grid,Bering Straits,410.76859982499997,756.21299999999997,135.33333333333334,0.54319166666666663,108.62421034999998,199.97399999999999,9.75,0.54319166666666663,345.87892332499996,636.75299999999993,39,0.54319166666666663,865.27173349999987,1592.9399999999998,184.08333333333334,0.54319166666666663,PCE,12,Stebbins,PCE revenue assumes all kWh are at residential rate
SR-168,332570,709,Stevens Village Ira Council,Stevens Village,Stevens Village_grid,Yukon-Koyukuk/Upper Tanana,NA,NA,NA,NA,NA,NA,NA,NA,NA,NA,NA,NA,NA,NA,NA,NA,NA,NA,Stevens Village,No Data
SR-169,332270,343,Middle Kuskokwim Electric,Stony River,Stony River_grid,Lower Yukon-Kuskokwim,49.346149083333344,37.682000000000002,15.25,1.3095416666666668,59.420453125000009,45.375,4.833333333333333,1.3095416666666668,41.274134250000003,31.518000000000001,5.166666666666667,1.3095416666666668,150.04073645833336,114.575,25.25,1.3095416666666668,PCE,12,Stony River,PCE revenue assumes all kWh are at residential rate
SR-17,331050,2,Alaska Power & Telephone Company,"Allakaket, Alatna",Allakaket_grid,Yukon-Koyukuk/Upper Tanana,182.54342399999999,225.792,67.75,0.80845833333333328,33.648035833333331,41.62,17,0.80845833333333339,267.77352687500002,331.21500000000003,17.166666666666664,0.80845833333333328,483.96498670833336,598.62700000000007,101.91666666666666,0.80845833333333328,PCE,12,"Allakaket, Alatna",PCE revenue assumes all kWh are at residential rate
SR-170,332580,394,Takotna Community Assoc Inc,Takotna,Takotna_grid,Yukon-Koyukuk/Upper Tanana,83.65376599999999,81.852999999999994,34.5,1.022,57.075634000000001,55.847000000000001,4,1.022,40.825834,39.947000000000003,13.583333333333334,1.022,181.55523399999998,177.64699999999999,52.083333333333336,1.022,PCE,12,Takotna,PCE revenue assumes all kWh are at residential rate
SR-171,332600,92,Tanana Power Company Inc,Tanana,Tanana_grid,Yukon-Koyukuk/Upper Tanana,197.84948936666669,303.08600000000001,104.66666666666667,0.65278333333333338,325.36288013333336,498.42399999999998,7,0.65278333333333338,221.35491163333336,339.09399999999999,44.333333333333329,0.65278333333333338,744.56728113333338,1140.604,156,0.65278333333333338,PCE,12,Tanana,PCE revenue assumes all kWh are at residential rate
SR-172,332610,586,Tatitlek Village Ira Council,Tatitlek,Tatitlek_grid,Copper River/Chugach,133.68796,145.31299999999999,38.916666666666664,0.92000000000000015,38.809280000000001,42.183999999999997,5,0.92,103.49172000000002,112.49100000000001,18,0.92,275.98896000000002,299.988,61.916666666666664,0.92,PCE,12,Tatitlek,PCE revenue assumes all kWh are at residential rate
SR-173,331685,61,Alaska Village Electric Cooperative,Teller,Teller_grid,Bering Straits,168.63970499999999,299.32499999999999,72.916666666666671,0.56340000000000001,25.215530400000002,44.756,7,0.56340000000000001,229.94720280000001,408.142,34.5,0.56340000000000001,423.80243819999998,752.22299999999996,114.41666666666667,0.56340000000000001,PCE,12,Teller,PCE revenue assumes all kWh are at residential rate
SR-174,332630,363,"Tenakee Springs, City of",Tenakee Springs,Tenakee Springs_grid,Southeast,141.00183999999999,251.78899999999999,125.83333333333333,0.55999999999999994,38.188079999999992,68.192999999999998,13.416666666666666,0.55999999999999994,17.032399999999999,30.414999999999999,27.25,0.55999999999999994,196.22231999999997,350.39699999999999,166.5,0.55999999999999994,PCE,12,Tenakee Springs,PCE revenue assumes all kWh are at residential rate
SR-175,331200,2,Alaska Power & Telephone Company,Tetlin,Tok_grid,Yukon-Koyukuk/Upper Tanana,73.069920150000002,197.941,44,0.36914999999999998,12.484283850000002,33.819000000000003,5,0.36915000000000003,54.959052,148.88,8.8333333333333321,0.36915000000000003,140.51325600000001,380.64,57.833333333333329,0.36915000000000003,PCE,12,Tetlin,PCE revenue assumes all kWh are at residential rate
SR-176,331210,2,Alaska Power & Telephone Company,"Thorne Bay, Kasaan",Prince of Wales Is._grid,Southeast,415.33776360000002,1570.8689999999999,325.41666666666669,0.26440000000000002,225.55117920000001,853.06799999999998,29.333333333333332,0.26440000000000002,224.22865040000002,848.06600000000003,153.08333333333334,0.26440000000000002,865.11759319999999,3272.0029999999997,507.83333333333337,0.26440000000000002,PCE,12,"Thorne Bay, Kasaan",PCE revenue assumes all kWh are at residential rate
SR-177,331690,169,Alaska Village Electric Cooperative,Togiak,Togiak_grid,Bristol Bay,628.7975975999999,1180.896,217,0.53247499999999992,256.65028762499998,481.995,19,0.53247499999999992,597.39009219999991,1121.912,76.333333333333343,0.53247499999999992,1482.8379774249997,2784.8029999999999,312.33333333333337,0.53247499999999992,PCE,12,Togiak,PCE revenue assumes all kWh are at residential rate
SR-178,331220,2,Alaska Power & Telephone Company,"Tok, Tanacross",Tok_grid,Yukon-Koyukuk/Upper Tanana,1492.7400805749999,4043.6309999999999,765,0.36915833333333331,1005.220725775,2723.0070000000001,31.75,0.36915833333333331,517.39570787499986,1401.5549999999998,188.58333333333334,0.36915833333333326,3015.3565142249995,8168.1929999999993,985.33333333333337,0.36915833333333331,PCE,12,"Tok, Tanacross",PCE revenue assumes all kWh are at residential rate
SR-179,331700,169,Alaska Village Electric Cooperative,Toksook Bay,Toksook Bay_grid,Lower Yukon-Kuskokwim,444.64276268333344,789.92600000000004,133.33333333333334,0.56289166666666679,34.141631150000009,60.654000000000003,13,0.56289166666666679,411.67307198333344,731.35400000000004,31,0.56289166666666679,890.45746581666697,1581.9340000000002,177.33333333333334,0.56289166666666679,PCE,12,Toksook Bay,PCE revenue assumes all kWh are at residential rate
SR-18,331250,169,Alaska Village Electric Cooperative,Ambler,Ambler_grid,Northwest Arctic,305.74589924999998,464.01299999999998,79.416666666666671,0.65891666666666671,25.055306250000001,38.024999999999999,14.666666666666666,0.65891666666666671,435.84965399999999,661.46399999999994,19.833333333333336,0.65891666666666671,766.65085950000002,1163.502,113.91666666666667,0.65891666666666671,PCE,12,Ambler,PCE revenue assumes all kWh are at residential rate
SR-180,332710,664,Tuluksak Traditional,Tuluksak,Tuluksak_grid,Lower Yukon-Kuskokwim,NA,NA,NA,NA,NA,NA,NA,NA,NA,NA,NA,NA,NA,NA,NA,NA,NA,NA,Tuluksak,No Data
SR-181,332720,344,Tuntutuliak Community,Tuntutuliak,Tuntutuliak_grid,Lower Yukon-Kuskokwim,353.97050000000013,544.57000000000005,139.08333333333334,0.65000000000000013,349.61550000000005,537.87,8,0.65000000000000013,42.498300000000015,65.382000000000005,34.5,0.65000000000000013,746.08430000000021,1147.8220000000001,181.58333333333334,0.65000000000000013,PCE,12,Tuntutuliak,PCE revenue assumes all kWh are at residential rate
SR-182,331710,169,Alaska Village Electric Cooperative,Tununak,Toksook Bay_grid,Lower Yukon-Kuskokwim,227.08794797500005,403.43099999999998,91.083333333333329,0.56289166666666679,NA,NA,9,NA,333.82571737500007,593.05499999999995,27.166666666666668,0.56289166666666679,560.91366535000009,996.48599999999988,127.25,0.56289166666666679,PCE,12,Tununak,PCE revenue assumes all kWh are at residential rate
SR-183,332730,729,Twin Hills Village Council,Twin Hills,Twin Hills_grid,Bristol Bay,45.351200999999996,89.88,34.125,0.504575,51.488346725,102.04300000000001,5.5,0.504575,12.060856224999998,23.902999999999999,8.5,0.504575,108.90040395,215.82599999999999,48.125,0.504575,PCE,8,Twin Hills,PCE revenue assumes all kWh are at residential rate
SR-184,332850,741,Unalakleet Valley Electric Cooperative,Unalakleet,Unalakleet_grid,Bering Straits,613.12747490000004,1335.1110000000001,275.41666666666669,0.45923333333333333,828.35085043333333,1803.769,16.916666666666668,0.45923333333333333,356.64519899999999,776.61,92.916666666666671,0.45923333333333333,1798.1235243333333,3915.49,385.25,0.45923333333333333,PCE,12,Unalakleet,PCE revenue assumes all kWh are at residential rate
SR-185,332860,106,"Unalaska, City of",Unalaska,Unalaska_grid,Aleutians,1416.2599930249999,3955.3890000000001,773.75,0.35805833333333331,12915.347767258332,36070.512999999999,56.75,0.35805833333333331,1201.5077044999998,3355.62,196.33333333333334,0.35805833333333331,15533.115464783334,43381.522000000004,1026.8333333333333,0.35805833333333331,PCE,12,Unalaska,PCE revenue assumes all kWh are at residential rate
SR-186,332880,663,Venetie Village Electric,Venetie,Venetie_grid,Yukon-Koyukuk/Upper Tanana,192.27420000000004,213.63800000000001,98,0.90000000000000013,220.11120000000005,244.56800000000001,7.2222222222222223,0.90000000000000013,82.521000000000015,91.69,13.555555555555555,0.90000000000000013,494.90640000000013,549.89600000000007,118.77777777777777,0.90000000000000013,PCE,9,Venetie,PCE revenue assumes all kWh are at residential rate
SR-187,332410,254,North Slope Borough Power & Light,Wainwright,Wainwright_grid,North Slope,263.31832842499989,1358.8869999999999,151.75,0.19377499999999992,906.41744199999982,4677.68,3,0.19377499999999995,28.988739999999989,149.6,73.166666666666671,0.19377499999999995,1198.7245104249998,6186.1670000000004,227.91666666666669,0.19377499999999998,PCE,12,Wainwright,PCE revenue assumes all kWh are at residential rate
SR-188,331730,169,Alaska Village Electric Cooperative,Wales,Wales_grid,Bering Straits,130.0433084,215.161,41.083333333333336,0.60440000000000005,23.760172799999996,39.311999999999998,5,0.60439999999999994,211.55208799999997,350.02,23.416666666666664,0.60439999999999994,365.35556919999993,604.49299999999994,69.5,0.60439999999999994,PCE,12,Wales,PCE revenue assumes all kWh are at residential rate
SR-189,331230,2,Alaska Power & Telephone Company,Whale Pass,Whale_Pass_grid,Southeast,76.766424799999996,290.34199999999998,85.666666666666671,0.26440000000000002,17.908076399999999,67.730999999999995,2,0.26440000000000002,8.1646720000000013,30.880000000000003,15.083333333333332,0.26440000000000002,102.8391732,388.95299999999997,102.75,0.26440000000000002,PCE,12,Whale Pass,PCE revenue assumes all kWh are at residential rate
SR-19,332350,254,North Slope Borough Power & Light,Anaktuvuk Pass,Anaktuvuk Pass_grid,North Slope,141.97944849999999,782.22,102.66666666666667,0.18150833333333333,515.66463047499985,2840.9969999999998,2,0.1815083333333333,14.119351741666664,77.789000000000001,58,0.1815083333333333,671.76343071666656,3701.0060000000003,162.66666666666669,0.1815083333333333,PCE,12,Anaktuvuk Pass,PCE revenue assumes all kWh are at residential rate
SR-190,332890,409,"White Mountain, City of",White Mountain,WhiteMountain_grid,Bering Straits,139.62464999999997,253.863,66.083333333333329,0.54999999999999993,200.60534999999999,364.73700000000002,8,0.54999999999999993,69.759249999999994,126.83500000000001,28.166666666666668,0.54999999999999993,409.98924999999991,745.43499999999995,102.25,0.54999999999999993,PCE,12,White Mountain,PCE revenue assumes all kWh are at residential rate
SR-191,332900,53,Alaska Village Electric Cooperative,Yakutat,Yakutat_grid,Southeast,562.41804119999995,1387.944,273.5,0.40521666666666661,800.55171969999992,1975.614,28.583333333333332,0.40521666666666661,818.25442021666652,2019.3009999999999,151.25,0.40521666666666661,2181.2241811166664,5382.8590000000004,453.33333333333337,0.40521666666666656,PCE,12,Yakutat,PCE revenue assumes all kWh are at residential rate
SR-192,0,10,"Copper Valley Elec Assn, Inc","Copper Valley Elec Assn, Inc",CopperValley_grid,Copper River/Chugach,3940.0235359525577,15627.746577523081,3033.6970317297851,0.25211718889909407,14331.56047071905,67665.23555838551,860.58137154554765,0.21180093961769991,1523.1822831727204,0,0,NA,19795.5,83292,3848,0.23766388128511742,EIA861S,0,"In addition to Valdez, the CVEA service area includes 14 other communities.",NA
SR-193,0,100,City & Borough of Sitka - (AK),"Sitka, City & Borough of",Sitka_grid,Southeast,4413.0255676224697,24884.500704269765,4356.5392156862745,NA,NA,NA,NA,NA,0,0,0,NA,16714.7,108505,5771,0.15404543569420764,EIA861S,0,Sitka,NA
SR-194,0,214,"Barrow Utils & Elec Coop, Inc",Barrow Utilities & Electric Cooperative Inc.,Utqiagvik_grid,North Slope,NA,NA,NA,NA,NA,NA,NA,NA,NA,NA,NA,NA,6988.9,47717,2032,0.14646562021920909,EIA861S,0,Utqiagvik,NA
SR-198,0,212,Petersburg Borough - (AK),"Petersburg, City of",SEAPA_grid,Southeast,NA,NA,NA,NA,NA,NA,NA,NA,NA,NA,NA,NA,5628,52669,2218,0.10685602536596479,EIA861S,0,Petersburg,NA
SR-2,0,121,Anchorage Municipal Light and Power,Anchorage Mun Light and Power,Railbelt_grid,Railbelt,23036.6,108035,24881,0.21323274864627204,98449.5,624793,6410,0.15757138764358755,0,0,0,NA,121486.1,732828,31291,0.16577709912830843,EIA861,0,Anchorage,NA
SR-20,332650,240,Inside Passage Electric,Angoon,Angoon_grid,Southeast,429.33210539999993,752.81799999999998,190.16666666666666,0.57029999999999992,303.21083069999997,531.66899999999998,8.3333333333333339,0.57029999999999992,147.45904919999998,258.56400000000002,33.166666666666671,0.57029999999999992,880.00198529999989,1543.0509999999999,231.66666666666666,0.57029999999999992,PCE,12,Angoon,PCE revenue assumes all kWh are at residential rate
SR-200,0,111,City of Wrangell - (AK),"Wrangell, City of",SEAPA_grid,Southeast,NA,NA,NA,NA,NA,NA,NA,NA,NA,NA,NA,NA,3958,32654,2043,0.12121026520487536,EIA861S,0,Wrangell,NA
SR-21,331760,5,Aniak Light & Power,Aniak,Aniak_grid,Lower Yukon-Kuskokwim,527.76316063333331,916.28200000000004,183.58333333333334,0.57598333333333329,470.68666819999999,817.18799999999999,14,0.57598333333333329,208.62404324999997,362.20499999999998,60.166666666666671,0.57598333333333329,1207.0738720833333,2095.6750000000002,257.75,0.57598333333333329,PCE,12,Aniak,PCE revenue assumes all kWh are at residential rate
SR-22,331260,169,Alaska Village Electric Cooperative,Anvik,Anvik_grid,Yukon-Koyukuk/Upper Tanana,82.772838100000016,141.054,39.083333333333336,0.58681666666666676,NA,NA,11,NA,128.62199790000003,219.18600000000001,17.25,0.58681666666666676,211.39483600000003,360.24,67.333333333333343,0.58681666666666676,PCE,12,Anvik,PCE revenue assumes all kWh are at residential rate
SR-23,331770,747,Arctic Village Electric Company,Arctic Village,Arctic Village_grid,Yukon-Koyukuk/Upper Tanana,212.8,212.8,97.3,1,150.34700000000001,150.34700000000001,5.2,1,64.239999999999995,64.239999999999995,6.4,1,427.387,427.387,108.9,1,PCE,10,Arctic Village,PCE revenue assumes all kWh are at residential rate
SR-24,331750,291,"Atka, City of",Atka,Atka_grid,Aleutians,65.645624999999995,105.033,30.166666666666668,0.625,80.744375000000005,129.191,9.8333333333333339,0.625,39.614374999999995,63.382999999999996,21.333333333333336,0.625,186.00437500000001,297.60700000000003,61.333333333333343,0.625,PCE,12,Atka,PCE revenue assumes all kWh are at residential rate
SR-25,331780,337,Atmautluak Tribal Utilities,Atmautluak,Atmautluak_grid,Lower Yukon-Kuskokwim,251.73983999999999,381.42399999999998,73.666666666666671,0.66,259.80306000000002,393.64100000000002,6.416666666666667,0.66,56.377859999999998,85.420999999999992,13.583333333333334,0.66,567.92075999999997,860.48599999999999,93.666666666666671,0.66,PCE,12,Atmautluak,PCE revenue assumes all kWh are at residential rate
SR-26,332360,254,North Slope Borough Power & Light,Atqasuk,Atqasuk_grid,North Slope,159.03773496666668,685.40899999999999,64,0.23203333333333334,530.07342103333337,2284.471,2,0.23203333333333334,26.72443916666667,115.17500000000001,58.083333333333336,0.23203333333333334,715.83559516666674,3085.0550000000003,124.08333333333334,0.23203333333333334,PCE,12,Atqasuk,PCE revenue assumes all kWh are at residential rate
SR-27,331790,420,Beaver Joint Utilities,Beaver,Beaver_grid,Yukon-Koyukuk/Upper Tanana,75.341700000000017,83.712999999999994,39.166666666666664,0.90000000000000024,67.428900000000027,74.921000000000006,3,0.90000000000000024,76.880700000000019,85.423000000000002,11.666666666666668,0.90000000000000024,219.65130000000005,244.05699999999999,53.833333333333329,0.90000000000000024,PCE,12,Beaver,PCE revenue assumes all kWh are at residential rate
SR-28,331800,43,Alaska Village Electric Cooperative,"Bethel, Oscarville",Bethel_grid,Lower Yukon-Kuskokwim,3869.0989347500004,10875.893,1793.5,0.35575000000000001,5543.1794582500006,15581.671,46.666666666666664,0.35575000000000001,5269.0089809999999,14810.987999999999,1005.8333333333334,0.35575000000000001,14681.287374,41268.551999999996,2846,0.35575000000000001,PCE,12,"Bethel, Oscarville",PCE revenue assumes all kWh are at residential rate
SR-29,331060,2,Alaska Power & Telephone Company,"Bettles, Evansville",Bettles_grid,Yukon-Koyukuk/Upper Tanana,66.266351666666694,92.54,31.416666666666668,0.71608333333333363,44.40146316666668,62.006,7,0.71608333333333352,203.29963875000004,283.90499999999997,28.166666666666664,0.71608333333333352,313.96745358333339,438.45099999999996,66.583333333333329,0.71608333333333352,PCE,12,"Bettles, Evansville",PCE revenue assumes all kWh are at residential rate
SR-3,0,8,Chugach Electric Assn Inc,Chugach Electric Assn Inc,Railbelt_grid,Railbelt,111202.1,524523,96362,0.21200614653694883,106512.7,629127,16224,0.16930238250782434,8776,59037,7,0.14865253993258465,226490.8,1212687,112593,0.18676773149213274,EIA861,0,"In addition to Anchorage, the CEA service area includes eight other communities.",NA
SR-30,331810,767,Birch Creek Electric Company,Birch Creek,Birch Creek_grid,Yukon-Koyukuk/Upper Tanana,26.19125,22.774999999999999,16.916666666666668,1.1500000000000001,33.383350000000007,29.029,1.8333333333333333,1.1500000000000004,38.140900000000009,33.166000000000004,5.5,1.1500000000000001,97.715500000000006,84.97,24.25,1.1500000000000001,PCE,12,Birch Creek,PCE revenue assumes all kWh are at residential rate
SR-31,331270,169,Alaska Village Electric Cooperative,Brevig Mission,Brevig Mission_grid,Bering Straits,301.60933125833333,547.49300000000005,87.916666666666671,0.55089166666666656,24.432596308333327,44.350999999999999,8,0.55089166666666656,338.66010119166663,614.74900000000002,27.416666666666664,0.55089166666666656,664.7020287583332,1206.5930000000001,123.33333333333334,0.55089166666666656,PCE,12,Brevig Mission,PCE revenue assumes all kWh are at residential rate
SR-32,331820,432,"Buckland, City of",Buckland,Buckland_grid,Northwest Arctic,358.30486780000001,755.75800000000004,101.66666666666667,0.47409999999999997,294.82998930000002,621.87300000000005,11.916666666666666,0.47410000000000002,118.64874009999998,250.26099999999997,23.416666666666668,0.47410000000000002,771.78359720000003,1627.8920000000001,137,0.47410000000000002,PCE,12,Buckland,PCE revenue assumes all kWh are at residential rate
SR-33,331830,341,Gold Country Energy,Central,Central_grid,Yukon-Koyukuk/Upper Tanana,157.43731744999999,235.13900000000001,123.33333333333333,0.66954999999999998,46.2886697,69.134,1,0.66954999999999998,29.596118650000001,44.203000000000003,16.083333333333336,0.66954999999999998,233.3221058,348.476,140.41666666666666,0.66954999999999998,PCE,12,Central,PCE revenue assumes all kWh are at residential rate
SR-34,331840,682,Chalkyitsik Village Council,Chalkyitsik,Chalkyitsik_grid,Yukon-Koyukuk/Upper Tanana,57.519649999999984,60.546999999999997,45.75,0.94999999999999973,40.317999999999991,42.44,8.4166666666666661,0.94999999999999984,92.893849999999972,97.782999999999987,11.916666666666668,0.94999999999999984,190.73149999999995,200.76999999999998,66.083333333333343,0.94999999999999984,PCE,12,Chalkyitsik,PCE revenue assumes all kWh are at residential rate
SR-35,332310,365,Naterkaq Light Plant (City of Chefornak),Chefornak,Chefornak_grid,Lower Yukon-Kuskokwim,304.58889999999997,553.798,104.41666666666667,0.54999999999999993,99.433399999999992,180.78800000000001,15.5,0.54999999999999993,283.41994999999997,515.30899999999997,29.833333333333332,0.54999999999999993,687.44224999999994,1249.895,149.75,0.54999999999999993,PCE,12,Chefornak,PCE revenue assumes all kWh are at residential rate
SR-36,331850,686,Chenega Ira Council,Chenega Bay,Chenega_grid,Copper River/Chugach,58.319762500000003,82.87,26,0.70374999999999999,50.897311249999994,72.322999999999993,9.0833333333333339,0.70374999999999999,42.327747500000001,60.146000000000001,18.916666666666664,0.70374999999999999,151.54482124999998,215.339,54,0.70374999999999988,PCE,12,Chenega Bay,PCE revenue assumes all kWh are at residential rate
SR-37,331280,169,Alaska Village Electric Cooperative,Chevak,Chevak_grid,Lower Yukon-Kuskokwim,545.05537029999994,1031.6179999999999,207,0.52834999999999999,92.857512499999999,175.75,10,0.52834999999999999,622.82426349999992,1178.81,42.333333333333329,0.52834999999999999,1260.7371462999999,2386.1779999999999,259.33333333333331,0.52834999999999999,PCE,12,Chevak,PCE revenue assumes all kWh are at residential rate
SR-38,331860,297,"Chignik, City of",Chignik,Chignik_grid,Bristol Bay,137.79875200000004,331.24700000000001,55.25,0.41600000000000009,169.41308800000004,407.24299999999999,10,0.41600000000000009,37.513216000000007,90.176000000000002,66.166666666666671,0.41600000000000009,344.72505600000005,828.66599999999994,131.41666666666669,0.41600000000000009,PCE,12,Chignik,PCE revenue assumes all kWh are at residential rate
SR-39,331870,658,Chignik Lagoon Power Utility,Chignik Lagoon,Chignik Lagoon_grid,Bristol Bay,139.81700000000001,243.16,65.166666666666671,0.57500000000000007,67.045000000000002,116.6,7,0.57500000000000007,24.844025000000002,43.207000000000001,9,0.57500000000000007,231.70602500000001,402.96699999999998,81.166666666666671,0.57500000000000007,PCE,12,Chignik Lagoon,PCE revenue assumes all kWh are at residential rate
SR-4,0,13,Golden Valley Elec Assn Inc,Golden Valley Elec Assn Inc,Railbelt_grid,Railbelt,74152.899999999994,295060,39813,0.25131464786823016,28760.2,119942,6715,0.23978422904403796,133695.9,806809,531,0.16570948018676043,236609,1221811,47059,0.19365433770034809,EIA861,0,"In addition to Fairbanks, the GVEA service area includes 25 other communities.",NA
SR-40,331880,437,Chignik Lake Electric Utility,Chignik Lake,Chignik Lake_grid,Bristol Bay,93.931233333333338,122.51900000000001,42.916666666666664,0.76666666666666672,51.323733333333337,66.944000000000003,8.3333333333333339,0.76666666666666672,63.296766666666677,82.561000000000007,5.416666666666667,0.76666666666666672,208.55173333333335,272.024,56.666666666666664,0.76666666666666672,PCE,12,Chignik Lake,PCE revenue assumes all kWh are at residential rate
SR-41,332660,240,Inside Passage Electric,Chilkat Valley,UpperLynnCanal_grid,Southeast,390.55911929999996,684.83100000000002,209.83333333333334,0.57029999999999992,188.71683239999999,330.90800000000002,1.25,0.57029999999999992,50.1584553,87.951000000000008,41.416666666666664,0.57029999999999992,629.43440699999996,1103.69,252.5,0.57029999999999992,PCE,12,Chilkat Valley,PCE revenue assumes all kWh are at residential rate
SR-42,331070,2,Alaska Power & Telephone Company,Chistochina,Slana_grid,Copper River/Chugach,104.57689094999996,185.93100000000001,48,0.56244999999999978,79.767783899999969,141.822,2,0.56244999999999978,19.242539399999995,34.212000000000003,21.583333333333332,0.56244999999999978,203.58721424999993,361.96500000000003,71.583333333333329,0.56244999999999978,PCE,12,Chistochina,PCE revenue assumes all kWh are at residential rate
SR-43,331890,368,Chitina Electric Inc,Chitina,Chitina_grid,Copper River/Chugach,66.406900000000007,94.867000000000004,42.083333333333336,0.70000000000000007,153.5401,219.34299999999999,2,0.70000000000000007,23.733500000000003,33.905000000000001,31.666666666666668,0.70000000000000007,243.68050000000002,348.11500000000001,75.75,0.70000000000000007,PCE,12,Chitina,PCE revenue assumes all kWh are at residential rate
SR-44,332230,343,Middle Kuskokwim Electric,Chuathbaluk,Chuathbaluk_grid,Lower Yukon-Kuskokwim,112.07974262500002,85.587000000000003,31.583333333333332,1.3095416666666668,84.157695208333351,64.265000000000001,10,1.3095416666666668,91.200410291666685,69.643000000000001,5.8333333333333339,1.3095416666666668,287.43784812500002,219.495,47.416666666666664,1.3095416666666666,PCE,12,Chuathbaluk,PCE revenue assumes all kWh are at residential rate
SR-45,331900,256,Circle Electric Utility,Circle,Circle_grid,Yukon-Koyukuk/Upper Tanana,106.89069448333335,140.059,43.166666666666664,0.76318333333333344,46.304622383333339,60.673000000000002,6.583333333333333,0.76318333333333344,132.18793243333337,173.20600000000002,9.5,0.76318333333333344,285.38324930000005,373.93799999999999,59.25,0.76318333333333344,PCE,12,Circle,PCE revenue assumes all kWh are at residential rate
SR-46,331910,360,"Clark's Point, City of",Clark's Point,Clark's Point_grid,Bristol Bay,140.21977499999997,130.43700000000001,48,1.0749999999999997,97.255249999999975,90.47,5.166666666666667,1.0749999999999997,30.976124999999993,28.815000000000001,10.833333333333332,1.0749999999999997,268.45114999999993,249.72200000000001,64,1.0749999999999997,PCE,12,Clark's Point,PCE revenue assumes all kWh are at residential rate
SR-47,331080,2,Alaska Power & Telephone Company,Coffman Cove,Prince of Wales Is._grid,Southeast,219.3665590083333,829.70299999999997,184.5,0.26439166666666664,47.000642191666664,177.76900000000001,14,0.26439166666666664,47.072027941666661,178.03899999999999,47,0.26439166666666664,313.4392291416666,1185.511,245.5,0.26439166666666664,PCE,12,Coffman Cove,PCE revenue assumes all kWh are at residential rate
SR-48,331980,88,G & K Inc,Cold Bay,Cold Bay_grid,Aleutians,111.91966834166666,154.733,40,0.72330833333333333,830.57568247499989,1148.3009999999999,6.166666666666667,0.72330833333333333,456.95365612500001,631.755,73.666666666666657,0.72330833333333333,1399.4490069416665,1934.789,119.83333333333333,0.72330833333333322,PCE,12,Cold Bay,PCE revenue assumes all kWh are at residential rate
SR-49,331920,160,Cordova Electric Cooperative,"Cordova, Eyak",Cordova_grid,Copper River/Chugach,1853.0831028,5007.6559999999999,963.41666666666663,0.37004999999999999,5392.85299545,14573.308999999999,48,0.37004999999999999,1155.48223515,3122.5029999999997,653.08333333333326,0.37005000000000005,8401.418333399999,22703.467999999997,1664.5,0.37004999999999999,PCE,12,"Cordova, Eyak",PCE revenue assumes all kWh are at residential rate
SR-5,0,32,Homer Electric Assn Inc,Homer Electric Assn Inc,Railbelt_grid,Railbelt,50202.6,174717,28236,0.28733666443448547,39953.599999999999,156671,4251,0.25501592509143362,12990.5,105717,24,0.12287995308228572,103146.7,437105,32511,0.23597693917937337,EIA861,0,"In addition to Homer, the HEA service area includes 29 other communities",NA
SR-50,331090,2,Alaska Power & Telephone Company,Craig,Prince of Wales Is._grid,Southeast,944.0230140000001,3570.4349999999999,674,0.26440000000000002,1012.6461832000001,3829.9780000000001,39.416666666666664,0.26440000000000002,427.81162680000006,1618.047,340.16666666666663,0.26440000000000002,2384.4808240000002,9018.4599999999991,1053.5833333333333,0.26440000000000002,PCE,12,Craig,PCE revenue assumes all kWh are at residential rate
SR-51,332240,343,Middle Kuskokwim Electric,Crooked Creek,Crooked Creek_grid,Lower Yukon-Kuskokwim,129.78571322499999,99.108999999999995,32.583333333333336,1.3095250000000001,148.4896588,113.392,4,1.3095250000000001,52.949333850000002,40.433999999999997,12.166666666666666,1.3095250000000001,331.22470587500004,252.935,48.75,1.3095250000000001,PCE,12,Crooked Creek,PCE revenue assumes all kWh are at residential rate
SR-52,332060,369,Ipnatchiaq Electric Company,Deering,Deering_grid,Northwest Arctic,184.82124569999991,273.93099999999998,51.166666666666664,0.67469999999999974,206.93588759999994,306.70800000000003,5,0.67469999999999974,95.578001999999955,141.66,15,0.67469999999999974,487.33513529999982,722.29899999999998,71.166666666666657,0.67469999999999974,PCE,12,Deering,PCE revenue assumes all kWh are at residential rate
SR-53,332430,45,Nushagak Electric Cooperative,"Dillingham, Aleknagik",Dillingham_grid,Bristol Bay,2324.3838401166668,5257.1019999999999,982.16666666666663,0.44214166666666671,4462.5044496083337,10092.929,52.583333333333336,0.44214166666666671,722.07482008333341,1633.13,454.16666666666669,0.44214166666666666,7508.9631098083337,16983.161,1488.9166666666665,0.44214166666666671,PCE,12,"Dillingham, Aleknagik",PCE revenue assumes all kWh are at residential rate
SR-54,331930,383,Diomede Joint Utilities,Diomede,Diomede_grid,Bering Straits,76.154650000000018,117.161,35.083333333333336,0.65000000000000013,133.30980000000002,205.09200000000001,2.9166666666666665,0.65,10.330450000000001,15.892999999999999,12.083333333333334,0.65000000000000013,219.79490000000004,338.14600000000002,50.083333333333336,0.65000000000000013,PCE,12,Diomede,PCE revenue assumes all kWh are at residential rate
SR-55,331100,2,Alaska Power & Telephone Company,"Dot Lake, Dot Lake Village",Tok_grid,Yukon-Koyukuk/Upper Tanana,40.401447991666672,109.447,24.333333333333332,0.3691416666666667,54.062642791666676,146.45500000000001,6,0.3691416666666667,55.587197875000008,150.58500000000001,14,0.3691416666666667,150.05128865833336,406.48700000000002,44.333333333333329,0.3691416666666667,PCE,12,"Dot Lake, Dot Lake Village",PCE revenue assumes all kWh are at residential rate
SR-56,331110,2,Alaska Power & Telephone Company,"Eagle, Eagle Village",Eagle_grid,Yukon-Koyukuk/Upper Tanana,193.75089069999996,313.23399999999998,140.08333333333334,0.61854999999999993,79.041411749999995,127.785,11.75,0.61854999999999993,170.61897634999997,275.83699999999999,32.416666666666664,0.61854999999999993,443.41127879999993,716.85599999999999,184.25,0.61854999999999993,PCE,12,"Eagle, Eagle Village",PCE revenue assumes all kWh are at residential rate
SR-57,331290,169,Alaska Village Electric Cooperative,Eek,Eek_grid,Lower Yukon-Kuskokwim,279.19243456666663,505.98200000000003,109.75,0.55178333333333329,62.759284549999997,113.739,7,0.55178333333333329,215.68162111666663,390.88099999999997,31.75,0.55178333333333329,557.63334023333334,1010.6020000000001,148.5,0.55178333333333329,PCE,12,Eek,PCE revenue assumes all kWh are at residential rate
SR-58,331940,320,Egegik Light & Power Co,Egegik,Egegik_grid,Bristol Bay,114.53455000000002,176.20699999999999,84.75,0.65000000000000013,180.77670000000003,278.11799999999999,18,0.65000000000000013,97.350500000000025,149.77000000000001,23.583333333333332,0.65000000000000013,392.6617500000001,604.09500000000003,126.33333333333333,0.65000000000000013,PCE,12,Egegik,PCE revenue assumes all kWh are at residential rate
SR-59,331950,688,Alaska Village Electric Cooperative,Ekwok,New_Stuyahok_grid,Bristol Bay,136.44525572500004,221.541,52.75,0.61589166666666684,NA,NA,10.083333333333334,NA,130.72362214166671,212.251,18.75,0.61589166666666684,267.16887786666678,433.79200000000003,81.583333333333343,0.61589166666666684,PCE,12,Ekwok,PCE revenue assumes all kWh are at residential rate
SR-6,0,103,Ketchikan Public Utilities,Ketchikan Public Utilities,SEAPA_grid,Southeast,8569.1,74071,6500,0.11568765103751806,7914.4,71665,1341,0.11043605665248028,2005.2,21096,15,9.5051194539249151E-2,18488.7,166832,7856,0.11082226431380071,EIA861,0,"Ketchikan, Saxman",NA
SR-60,331960,701,Elfin Cove Utility Commission,Elfin Cove,Elfin Cove_grid,Southeast,73.283207666666684,111.76900000000001,45.333333333333336,0.65566666666666673,73.73496200000001,112.458,6,0.65566666666666673,8.6338186666666665,13.167999999999999,27.25,0.65566666666666673,155.65198833333335,237.39500000000001,78.583333333333343,0.65566666666666673,PCE,12,Elfin Cove,PCE revenue assumes all kWh are at residential rate
SR-61,331300,169,Alaska Village Electric Cooperative,Elim,Elim_grid,Bering Straits,292.35851122499997,529.947,91.416666666666671,0.55167499999999992,87.090725549999988,157.86600000000001,10.083333333333334,0.55167499999999992,274.25419274999996,497.13,33,0.55167499999999992,653.70342952499993,1184.943,134.5,0.55167499999999992,PCE,12,Elim,PCE revenue assumes all kWh are at residential rate
SR-62,331310,169,Alaska Village Electric Cooperative,Emmonak,Emmonak_grid,Lower Yukon-Kuskokwim,603.770679675,1136.5630000000001,210.33333333333334,0.53122499999999995,424.58105002499997,799.24900000000002,21,0.53122499999999995,784.20178214999987,1476.2139999999999,61.416666666666664,0.53122499999999995,1812.5535118499997,3412.0259999999998,292.75,0.53122499999999995,PCE,12,Emmonak,PCE revenue assumes all kWh are at residential rate
SR-63,331970,442,"False Pass, City of",False Pass,False Pass_grid,Aleutians,81.914400000000001,132.12,28.25,0.62,211.50432000000001,341.13600000000002,10.25,0.62,52.649160000000002,84.918000000000006,18.25,0.62,346.06788,558.17399999999998,56.75,0.62,PCE,12,False Pass,PCE revenue assumes all kWh are at residential rate
SR-64,332020,63,Gwitchyaa Zhee Utilities Company,Fort Yukon,Fort Yukon_grid,Yukon-Koyukuk/Upper Tanana,619.37417556666662,944.08399999999995,265.08333333333331,0.6560583333333333,540.77838723333332,824.28399999999999,17,0.6560583333333333,443.49477727499999,675.99900000000002,77.833333333333343,0.6560583333333333,1603.6473400749996,2444.3669999999997,359.91666666666663,0.6560583333333333,PCE,12,Fort Yukon,PCE revenue assumes all kWh are at residential rate
SR-65,331990,274,"Galena, City of",Galena,Galena_grid,Yukon-Koyukuk/Upper Tanana,533.81514800000002,895.66300000000001,202.58333333333334,0.59599999999999997,1581.3983880000001,2653.3530000000001,13.583333333333334,0.59599999999999997,550.8667079999999,924.27299999999991,163.75,0.59599999999999997,2666.0802440000002,4473.2890000000007,379.91666666666669,0.59599999999999997,PCE,12,Galena,PCE revenue assumes all kWh are at residential rate
SR-66,331320,169,Alaska Village Electric Cooperative,Gambell,Gambell_grid,Bering Straits,450.478184,782.80499999999995,165.83333333333334,0.57546666666666668,88.581584000000007,153.93,15,0.57546666666666668,497.04897493333334,863.73199999999997,33.833333333333336,0.57546666666666668,1036.1087429333334,1800.4670000000001,214.66666666666669,0.57546666666666668,PCE,12,Gambell,PCE revenue assumes all kWh are at residential rate
SR-67,332000,373,Golovin Power Utilities,Golovin,Golovin_grid,Bering Straits,103.71130000000002,269.38,47.416666666666664,0.38500000000000006,150.76715500000003,391.60300000000001,10.666666666666666,0.38500000000000006,70.781865000000025,183.84900000000002,40.166666666666664,0.38500000000000012,325.26032000000004,844.83199999999999,98.25,0.38500000000000006,PCE,12,Golovin,PCE revenue assumes all kWh are at residential rate
SR-68,331330,169,Alaska Village Electric Cooperative,Goodnews Bay,Goodnews Bay_grid,Lower Yukon-Kuskokwim,234.47797503333331,428.81200000000001,77.416666666666671,0.54680833333333323,25.286604566666661,46.244,10,0.54680833333333323,132.21005287499997,241.785,11.75,0.54680833333333323,391.97463247499991,716.84100000000001,99.166666666666671,0.54680833333333323,PCE,12,Goodnews Bay,PCE revenue assumes all kWh are at residential rate
SR-69,331340,169,Alaska Village Electric Cooperative,Grayling,Grayling_grid,Yukon-Koyukuk/Upper Tanana,139.22449975000001,258.08999999999997,66.083333333333329,0.53944166666666671,22.646300608333338,41.981000000000002,10,0.53944166666666671,159.50858530000002,295.69200000000001,17.75,0.53944166666666671,321.37938565833332,595.76299999999992,93.833333333333329,0.53944166666666671,PCE,12,Grayling,PCE revenue assumes all kWh are at residential rate
SR-7,0,16,Kodiak Electric Assn Inc,Kodiak Electric Assn Inc,Kodiak_grid,Kodiak,6633,37798,4903,0.17548547542198001,3626,21048,1066,0.17227290003800835,12739,80555,117,0.15814040096828255,22998,139401,6086,0.16497729571523878,EIA861,0,"The KEA service area includes the communities of Port Lions, Chiniak, Womens Bay and Woody Island.",NA
SR-70,332010,417,Alaska Power & Telephone Company,Gustavus,Gustavus_grid,Southeast,545.39159583333344,1283.375,480.75,0.42496666666666677,182.74884063333334,430.03100000000001,5,0.42496666666666666,96.201404200000027,226.37400000000002,110.33333333333333,0.42496666666666677,824.34184066666671,1939.78,596.08333333333337,0.42496666666666671,PCE,12,Gustavus,PCE revenue assumes all kWh are at residential rate
SR-71,331120,2,Alaska Power & Telephone Company,"Haines, Covenant Life",UpperLynnCanal_grid,Southeast,1557.2524175833337,5760.8450000000003,1153.6666666666667,0.27031666666666671,1388.8413498166669,5137.8310000000001,39,0.27031666666666671,554.37325918333329,2050.8289999999997,377.91666666666663,0.27031666666666671,3500.4670265833342,12949.505000000001,1570.5833333333335,0.27031666666666671,PCE,12,"Haines, Covenant Life",PCE revenue assumes all kWh are at residential rate
SR-72,331130,2,Alaska Power & Telephone Company,Healy Lake,Healy Lake_grid,Yukon-Koyukuk/Upper Tanana,16.500971474999993,20.710999999999999,7.416666666666667,0.79672499999999968,11.588365124999997,14.545,3,0.79672499999999979,30.75278827499999,38.598999999999997,2.8333333333333335,0.79672499999999979,58.842124874999975,73.85499999999999,13.25,0.79672499999999979,PCE,12,Healy Lake,PCE revenue assumes all kWh are at residential rate
SR-73,331140,2,Alaska Power & Telephone Company,Hollis,Prince of Wales Is._grid,Southeast,185.14474011666667,700.28899999999999,133.83333333333334,0.26438333333333336,496.15128113333338,1876.636,1,0.26438333333333336,10.621071650000001,40.173000000000002,31.333333333333332,0.26438333333333336,691.91709290000006,2617.098,166.16666666666669,0.26438333333333336,PCE,12,Hollis,PCE revenue assumes all kWh are at residential rate
SR-74,331350,169,Alaska Village Electric Cooperative,Holy Cross,Holy Cross_grid,Yukon-Koyukuk/Upper Tanana,156.90947328333334,282.334,75.333333333333329,0.55575833333333335,NA,NA,10.583333333333334,NA,159.80108389166665,287.53699999999998,15.916666666666668,0.55575833333333335,316.71055717500002,569.87099999999998,101.83333333333333,0.55575833333333335,PCE,12,Holy Cross,PCE revenue assumes all kWh are at residential rate
SR-75,332670,240,Inside Passage Electric,Hoonah,Hoonah_grid,Southeast,1048.3602482999997,1838.261,393,0.57029999999999992,891.51463139999987,1563.2380000000001,27.333333333333332,0.57029999999999992,432.74363999999991,758.8,74.416666666666657,0.57029999999999992,2372.6185196999995,4160.299,494.75,0.57029999999999992,PCE,12,Hoonah,PCE revenue assumes all kWh are at residential rate
SR-76,331360,169,Alaska Village Electric Cooperative,Hooper Bay,Hooper Bay_grid,Lower Yukon-Kuskokwim,770.046111075,1384.0830000000001,268.41666666666669,0.55635833333333329,215.86981512499997,388.005,10.416666666666666,0.55635833333333329,880.70800900833331,1582.9870000000001,62,0.55635833333333329,1866.6239352083333,3355.0750000000003,340.83333333333337,0.55635833333333329,PCE,12,Hooper Bay,PCE revenue assumes all kWh are at residential rate
SR-77,332030,332,Hughes Power & Light,Hughes,Hughes_grid,Yukon-Koyukuk/Upper Tanana,127.53801,179.631,41.416666666666664,0.71,113.57301999999999,159.96199999999999,3,0.71,65.136110000000002,91.741000000000014,18.5,0.71,306.24714,431.334,62.916666666666664,0.71,PCE,12,Hughes,PCE revenue assumes all kWh are at residential rate
SR-78,331370,169,Alaska Village Electric Cooperative,Huslia,Huslia_grid,Yukon-Koyukuk/Upper Tanana,278.26548205000006,518.78099999999995,102.33333333333333,0.53638333333333355,NA,NA,18.833333333333332,NA,243.35068173333343,453.68799999999999,23.666666666666664,0.53638333333333355,521.61616378333349,972.46899999999994,144.83333333333331,0.53638333333333355,PCE,12,Huslia,PCE revenue assumes all kWh are at residential rate
SR-79,331150,2,Alaska Power & Telephone Company,Hydaburg,Prince of Wales Is._grid,Southeast,193.27665373333332,731.024,119.91666666666667,0.26439166666666664,143.35686315000001,542.21400000000006,8,0.26439166666666664,113.62919293333333,429.77600000000001,56.083333333333336,0.26439166666666664,450.26270981666664,1703.0140000000001,184,0.26439166666666664,PCE,12,Hydaburg,PCE revenue assumes all kWh are at residential rate
SR-8,0,18,Matanuska Electric Assn Inc,Matanuska Electric Assn Inc,Railbelt_grid,Railbelt,97469.4,452110,60060,0.21558779942934239,55965.8,299366,6607,0.18694774957744034,0,0,0,NA,153435.20000000001,751476,66667,0.2041784434898786,EIA861,0,"In addition to Wasilla, the MEA service area includes 28 other communities.",NA
SR-80,332040,681,Igiugig Electric Company,Igiugig,Igiugig_grid,Bristol Bay,92.682674100000014,101.124,30,0.91652500000000015,60.921416750000006,66.47,12.833333333333334,0.91652500000000015,78.068682975000016,85.179000000000002,12.916666666666666,0.91652500000000015,231.67277382500004,252.773,55.75,0.91652500000000015,PCE,12,Igiugig,PCE revenue assumes all kWh are at residential rate
SR-81,332050,280,"I-N-N Electric Coop, Inc","Iliamna, Newhalen, Nondalton",Newhalen_grid,Bristol Bay,490.46955500000013,772.39300000000003,179.91666666666666,0.63500000000000012,1158.6337000000001,1824.62,13,0.63500000000000012,304.67744500000003,479.80699999999996,91.916666666666671,0.63500000000000012,1953.7807000000003,3076.8199999999997,284.83333333333331,0.63500000000000012,PCE,12,"Iliamna, Newhalen, Nondalton",PCE revenue assumes all kWh are at residential rate
SR-82,332680,240,Inside Passage Electric,Kake,Kake_grid,Southeast,534.56785349999996,937.34500000000003,237.5,0.57029999999999992,457.41938039999991,802.06799999999998,14.5,0.57029999999999992,139.99211129999998,245.471,54.416666666666664,0.57029999999999992,1131.9793451999999,1984.884,306.41666666666663,0.57029999999999992,PCE,12,Kake,PCE revenue assumes all kWh are at residential rate
SR-83,332370,254,North Slope Borough Power & Light,Kaktovik,Kaktovik_grid,North Slope,382.57053625000009,756.00599999999997,77.5,0.50604166666666683,1284.5700714583338,2538.4670000000001,3,0.50604166666666683,383.71267229166682,758.26300000000003,53.25,0.50604166666666683,2050.8532800000007,4052.7359999999999,133.75,0.50604166666666683,PCE,12,Kaktovik,PCE revenue assumes all kWh are at residential rate
SR-84,331720,169,Alaska Village Electric Cooperative,Kalskag,Upper Kalskag_grid,Lower Yukon-Kuskokwim,193.34937733333334,355.20400000000001,66.5,0.54433333333333334,35.632059999999996,65.459999999999994,3,0.54433333333333334,198.20319766666665,364.12099999999998,27.666666666666668,0.54433333333333334,427.18463499999996,784.78499999999997,97.166666666666671,0.54433333333333334,PCE,12,Kalskag,PCE revenue assumes all kWh are at residential rate
SR-85,331380,169,Alaska Village Electric Cooperative,Kaltag,Kaltag_grid,Yukon-Koyukuk/Upper Tanana,147.54323941666669,254.64099999999999,64.666666666666671,0.5794166666666668,NA,NA,12,NA,195.17360708333339,336.84500000000003,21.416666666666664,0.5794166666666668,342.71684650000009,591.48599999999999,98.083333333333343,0.5794166666666668,PCE,12,Kaltag,PCE revenue assumes all kWh are at residential rate
SR-86,331740,683,Alutiiq Power Company,Karluk,Karluk_grid,Kodiak,42.317800000000005,60.454000000000001,13,0.70000000000000007,62.900600000000011,89.858000000000004,4,0.70000000000000007,16.387,23.41,10.5,0.70000000000000007,121.60540000000002,173.72200000000001,27.5,0.70000000000000007,PCE,12,Karluk,PCE revenue assumes all kWh are at residential rate
SR-87,331390,169,Alaska Village Electric Cooperative,Kasigluk,Kasigluk_grid,Lower Yukon-Kuskokwim,421.06824090833328,771.62300000000005,123.25,0.54569166666666657,45.604543966666661,83.572000000000003,12,0.54569166666666657,430.40557101666656,788.73399999999992,19.083333333333336,0.54569166666666657,897.07835589166655,1643.9290000000001,154.33333333333334,0.54569166666666657,PCE,12,Kasigluk,PCE revenue assumes all kWh are at residential rate
SR-88,331400,169,Alaska Village Electric Cooperative,Kiana,Kiana_grid,Northwest Arctic,402.87914864999999,714.17700000000002,116.75,0.5641166666666666,117.63750496666665,208.53399999999999,13.5,0.5641166666666666,358.72348068333332,635.90300000000002,22.916666666666668,0.5641166666666666,879.24013429999991,1558.614,153.16666666666669,0.5641166666666666,PCE,12,Kiana,PCE revenue assumes all kWh are at residential rate
SR-89,332070,289,"King Cove, City of",King Cove,King Cove_grid,Aleutians,NA,NA,NA,NA,NA,NA,NA,NA,NA,NA,NA,NA,NA,NA,NA,NA,NA,NA,King Cove,No Data
SR-90,332080,446,Kipnuk Light Plant,Kipnuk,Kipnuk_grid,Lower Yukon-Kuskokwim,597.07476500000007,865.07500000000005,189.66666666666666,0.69020000000000004,450.900758,653.29,4.333333333333333,0.69020000000000004,69.84754980000001,101.19900000000001,34.666666666666664,0.69020000000000004,1117.8230728000001,1619.5640000000001,228.66666666666666,0.69020000000000004,PCE,12,Kipnuk,PCE revenue assumes all kWh are at residential rate
SR-91,331410,169,Alaska Village Electric Cooperative,Kivalina,Kivalina_grid,Northwest Arctic,334.40003780000001,619.28800000000001,92.333333333333329,0.53997499999999998,300.79955345000002,557.06200000000001,9,0.53997499999999998,296.65740522499999,549.39099999999996,24.333333333333332,0.53997499999999998,931.85699647499996,1725.741,125.66666666666666,0.53997499999999998,PCE,12,Kivalina,PCE revenue assumes all kWh are at residential rate
SR-92,331155,2,Alaska Power & Telephone Company,Klawock,Prince of Wales Is._grid,Southeast,633.55815831666666,2362.7739999999999,394.58333333333331,0.26814166666666667,1243.2385693583333,4636.4989999999998,20.166666666666668,0.26814166666666667,235.96225339166665,879.99099999999999,138.41666666666669,0.26814166666666667,2112.7589810666664,7879.2639999999992,553.16666666666663,0.26814166666666667,PCE,12,Klawock,PCE revenue assumes all kWh are at residential rate
SR-93,332700,240,Inside Passage Electric,Klukwan,UpperLynnCanal_grid,Southeast,120.09746159999996,210.40199999999999,48.916666666666664,0.57079999999999986,47.035061599999992,82.402000000000001,8.4166666666666661,0.57079999999999986,75.185775999999976,131.72,8,0.57079999999999986,242.31829919999996,424.524,65.333333333333329,0.57079999999999986,PCE,12,Klukwan,PCE revenue assumes all kWh are at residential rate
SR-94,332090,407,Alaska Village Electric Cooperative,Kobuk,Shungnak_grid,Northwest Arctic,170.81236049166671,239.43700000000001,38.75,0.71339166666666676,58.580870100000006,82.116,4,0.71339166666666676,231.54767342500003,324.57299999999998,15.166666666666666,0.71339166666666676,460.94090401666671,646.12599999999998,57.916666666666664,0.71339166666666676,PCE,12,Kobuk,PCE revenue assumes all kWh are at residential rate
SR-95,332100,660,Kokhanok Village Council,Kokhanok,Kokhanok_grid,Bristol Bay,176.35320000000004,195.94800000000001,56.333333333333336,0.90000000000000013,85.761000000000024,95.29,8.8333333333333339,0.90000000000000024,89.574300000000022,99.527000000000001,10.583333333333332,0.90000000000000024,351.68850000000009,390.76499999999999,75.75,0.90000000000000024,PCE,12,Kokhanok,PCE revenue assumes all kWh are at residential rate
SR-96,332110,661,New Koliganek Village Council,Koliganek,Koliganek_grid,Bristol Bay,138.75049999999999,277.50099999999998,77.583333333333329,0.5,35.017499999999998,70.034999999999997,10.416666666666666,0.5,132.66399999999999,265.32799999999997,17.25,0.5,306.43199999999996,612.86399999999992,105.25,0.5,PCE,12,Koliganek,PCE revenue assumes all kWh are at residential rate
SR-97,332510,395,Puvurnaq Power Company,Kongiganak,Kongiganak_grid,Lower Yukon-Kuskokwim,417.16935000000007,641.79899999999998,156.16666666666666,0.65000000000000013,186.14635000000004,286.37900000000002,4.666666666666667,0.65000000000000013,50.074050000000014,77.037000000000006,15,0.65000000000000013,653.38975000000016,1005.215,175.83333333333331,0.65000000000000013,PCE,12,Kongiganak,PCE revenue assumes all kWh are at residential rate
SR-98,332120,285,Alaska Village Electric Cooperative,Kotlik,Kotlik_grid,Lower Yukon-Kuskokwim,417.91947058333335,745.34199999999998,125.66666666666667,0.56070833333333336,176.04503470833333,313.96899999999999,9.8333333333333339,0.56070833333333336,483.99558341666665,863.18599999999992,34.333333333333336,0.56070833333333336,1077.9600887083334,1922.4969999999998,169.83333333333334,0.56070833333333336,PCE,12,Kotlik,PCE revenue assumes all kWh are at residential rate
SR-99,332130,17,Kotzebue Electric Association,Kotzebue,Kotzebue_grid,Northwest Arctic,2830.9161885583335,6974.5609999999997,1124.5833333333333,0.40589166666666671,3803.1351033000001,9369.8279999999995,24.5,0.40589166666666671,1036.3920108083335,2553.3710000000001,124.66666666666667,0.40589166666666671,7670.4433026666684,18897.760000000002,1273.75,0.40589166666666671,PCE,12,Kotzebue,PCE revenue assumes all kWh are at residential rate
