"UtilityName","CommunityName","Residential kWh Use per Customer","Residential Revenue ($) per Customer","Residential $/kWh","Commercial kWh Use per Customer","Commercial Revenue ($) per Customer","Commercial $/kWh","Other kWh Use per Customer","Other Revenue ($) per Customer","Other $/kWh","Source","Notes","AEA Energy Region","Census Region","Native Corporation Region","AKEPS Region"
"Akiachak Native Community","Akiachak","3738.0876046328262","2261.5430008028598","0.60499999999999998","8260.6741573033723","4997.7078651685397","0.60499999999999998","32167.91011235955","19461.585617977526","3.1086881196418791E-2","PCE","0","Lower Yukon-Kuskokwim","Bethel (CA)","Calista","SW"
"Akiak City Council","Akiak","3115.75","1962.9225000000001","0.63","27778.584893900785","17500.508483157493","0.63","9518.0901015301151","5996.3967639639732","0.10506309452137266","PCE","0","Lower Yukon-Kuskokwim","Bethel (CA)","Calista","SW"
"Akutan, City of","Akutan","5028.8292682926822","1624.3118536585364","0.32300000000000001","11480.294117647059","3708.1349999999998","0.32300000000000001","5611.6470588235288","1812.5619999999999","0.17820080085536386","PCE","0","Aleutians","Aleutians East","Aleut","SW"
"Alaska Electric Light & Power Company","Juneau","10109.521745412512","1223.161392862303","0.12099102446832838","58399.35364727609","5873.037857802401","0.1005668297850474","45374.422899353645","4281.1634349030473","2.2038847793571494E-2","EIA","0","Southeast","Juneau","Sealaska","SE"
"Alaska Power & Telephone Company","Allakaket, Alatna","2871.6465103786613","2466.6725612525106","0.85897500000000004","8660.1252498609774","7438.8310864993337","0.85897500000000004","12051.927818764922","10352.304698123598","8.2974277230817323E-2","PCE","Provides power to Alatna via intertie. Data includes Alatna's information.","Yukon-Koyukuk/Upper Tanana","Yukon-Koyukuk (CA)","Doyon","YU"
"Alaska Power & Telephone Company","Bettles, Evansville","3873.333333333333","2460.3413333333328","0.63519999999999999","6192.5952460362059","3933.5365002821986","0.63519999999999999","33608.728383759611","21348.26426936411","2.9754175420787989E-2","PCE","Provides power to Evansville via intertie. Data includes Evansville's information.","Yukon-Koyukuk/Upper Tanana","Yukon-Koyukuk (CA)","Doyon","YU"
"Alaska Power & Telephone Company","Chistochina","3329.9999078200717","2236.3724269934974","0.67158333000000003","9689.7752422443828","6507.4915241380386","0.67158333000000003","4392.9001098225035","2950.1984841119624","0.22764004985317216","PCE","Receives power from Slana via intertie.","Copper River/Chugach","Valdez-Cordova (CA)","Ahtna","YU"
"Alaska Power & Telephone Company","Coffman Cove","3620.1441445164692","1689.2196056342736","0.46661667000000001","3799.5772297046224","1772.946074332596","0.46661667000000001","4800.6858240156771","2240.0800329184012","0.20830357091844021","PCE","Part of the Alaska Power Company's grid on Prince of Wales Island.","Southeast","Prince of Wales-Hyder (CA)","Sealaska","SE"
"Alaska Power & Telephone Company","Craig","5830.7272033574964","1400.7836406490346","0.24024166999999999","19213.375081600345","4615.8533159400522","0.24024166999999999","7511.3554863298586","1804.5405859995474","0.13313176321103828","PCE","Provides power to Hollis, Klawock, Thorne Bay/Kasaan and Hydaburg via intertie.","Southeast","Prince of Wales-Hyder (CA)","Sealaska","SE"
"Alaska Power & Telephone Company","Dot Lake, Dot Lake Village","4099.7551020408164","2010.5882449583671","0.49041667","7110.1410091731523","3486.9316769491375","0.49041667","10377.529167587549","5089.3132971961568","9.6362051491344428E-2","PCE","Receives power form Tok via intertie. Dot Lake's data includes Dot Lake Village's information. For fuel use and cost information, please refer to Tok.","Yukon-Koyukuk/Upper Tanana","Southeast Fairbanks (CA)","Doyon","YU"
"Alaska Power & Telephone Company","Eagle, Eagle Village","2562.279245283019","1523.5312392452831","0.59460000000000002","5989.7948717948721","3561.5320307692309","0.59460000000000002","10936.76923076923","6503.0029846153848","9.1434680470958943E-2","PCE","Provides power to Eagle Village via intertie. Data includes Eagle Village's information.","Yukon-Koyukuk/Upper Tanana","Southeast Fairbanks (CA)","Doyon","YU"
"Alaska Power & Telephone Company","Haines, Skagway",NA,NA,NA,NA,NA,NA,NA,NA,NA,"PCE",NA,NA,NA,NA,NA
"Alaska Power & Telephone Company","Healy Lake","3370.75","2786.3181404025004","0.82661667000000005","4565.3645984620098","3773.8064817165537","0.82661667000000005","1729.5529004811081","1429.6772591845349","0.57818410741980253","PCE","0","Yukon-Koyukuk/Upper Tanana","Southeast Fairbanks (CA)","Doyon","YU"
"Alaska Power & Telephone Company","Hollis","5028.2013131803469","1207.8996604587487","0.24022499999999997","20018.892048648002","4809.038342386466","0.24022499999999999","3502.265144632895","841.3316443694373","0.28552949554161161","PCE","Part of the Alaska Power Company's grid on Prince of Wales Island. Receives power from Craig. Refer to Craig for fuel use and cost.","Southeast","Prince of Wales-Hyder (CA)","Sealaska","SE"
"Alaska Power & Telephone Company","Hydaburg","5558.2104387105128","1335.2674025321876","0.24023332999999999","7978.7573466820768","1916.7634466553998","0.24023332999999999","11583.020740403927","2782.6276439263006","8.633326507927222E-2","PCE","Part of the Alaska Power Company's grid on Prince of Wales Island. Receives power from Craig. Refer to Craig for fuel use and cost.","Southeast","Prince of Wales-Hyder (CA)","Sealaska","SE"
"Alaska Power & Telephone Company","Klawock","6242.464673913043","1499.6480760214945","0.24023333000000002","43751.356149261715","10510.53397975312","0.24023332999999999","9212.8632964648132","2213.2368285445195","0.10854388780345008","PCE","Part of the Alaska Power Company's grid on Prince of Wales Island. Receives power from Craig. Refer to Craig for fuel use and cost.","Southeast","Prince of Wales-Hyder (CA)","Sealaska","SE"
"Alaska Power & Telephone Company","Mentasta Lake","3098.7089947089944","2082.5390353731214","0.67206666999999998","10357.030926342783","6960.6152857542083","0.67206666999999998","9269.1559603388741","6229.4907799756011","0.10788468812897616","PCE","0","Copper River/Chugach","Valdez-Cordova (CA)","Ahtna","YU"
"Alaska Power & Telephone Company","Naukati Bay","4910.0580912863079","2714.3619635314521","0.55281667000000001","7820.4543677169468","4323.2775414482385","0.55281667000000001","9801.8179590495911","5418.6083640679917","0.10202189065108515","PCE","0","Southeast","Prince of Wales-Hyder (CA)","Sealaska","SE"
"Alaska Power & Telephone Company","Northway, Northway Village","4093.1097530786583","2721.9862179368915","0.66501666999999998","23846.155880690807","15858.091176077916","0.66501666999999998","16702.335239259923","11107.33136203629","5.9871867357172606E-2","PCE","Provides power to Northway Village via intertie. Data includes Northway Village's information.","Yukon-Koyukuk/Upper Tanana","Southeast Fairbanks (CA)","Doyon","YU"
"Alaska Power & Telephone Company","Slana, Chistochina","3582.2128239761896","2405.8439724152327","0.67160832999999998","7780.272727272727","5225.2959733081816","0.67160832999999998","14420.90909090909","9685.202671627274","6.9343755909979196E-2","PCE","Provides power to Chistochina via intertie. Includes Chistochina's fuel use and fuel cost.","Copper River/Chugach","Valdez-Cordova (CA)","Ahtna","YU"
"Alaska Power & Telephone Company","Tetlin","3722.2130409798647","1825.4973366571817","0.49043333","3610.1052631578946","1770.5159458610524","0.49043333","32074.94736842105","15730.623247469473","3.1176980230512748E-2","PCE","Receives power from Tok via intertie. For fuel use and cost information please refer to Tok.","Yukon-Koyukuk/Upper Tanana","Southeast Fairbanks (CA)","Dyon","YU"
"Alaska Power & Telephone Company","Thorne Bay, Kasaan","4685.531167690956","1125.4645864793677","0.24019999999999997","9352.6799773560197","2246.513730560916","0.2402","8362.8822880974458","2008.7643256010065","0.11957599850750739","PCE","Part of the Alaska Power Company's grid on Prince of Wales Island. Receives power from Craig. Refer to Craig for fuel use and cost. Includes data for Kaasan.","Southeast","Prince of Wales-Hyder (CA)","Sealaska","SE"
"Alaska Power & Telephone Company","Tok, Tanacross","5390.923898531375","2643.7539862358612","0.49040833","16588.354136429607","8135.0670494950364","0.49040833","9434.5718432510894","4626.792621913788","0.10599315121176785","PCE","Provides power to Tanacross, Tetlin and Dot Lake via intertie. Includes Tanacross' information. Fuel use and cost also includes Tetlin's and Dot Lake's information.","Yukon-Koyukuk/Upper Tanana","Southeast Fairbanks (CA)","Doyon","YU"
"Alaska Power & Telephone Company","Whale Pass","2681.8151260504201","1607.8152134453783","0.59952499999999997","6607.0588235294108","3961.09694117647","0.59952499999999997","1583.4973294117649","949.34623641558835","0.63151353742508587","PCE","0","Southeast","Prince of Wales-Hyder (CA)","Sealaska","SE"
"Alaska Village Electric Cooperative","Alakanuk","5341.8413793103446","3167.4448458620691","0.59294999999999998","12896.247887323943","7646.8301847887324","0.59294999999999998","52211.154929577468","30958.604315492958","1.9152995204737424E-2","PCE","0","Lower Yukon-Kuskokwim","Wade Hampton (CA)","Calista","YU"
"Alaska Village Electric Cooperative","Ambler","4774.2920751638076","3015.8407164320843","0.63168332999999999","10573.6","6679.1668580880005","0.63168332999999999","62646.844444444447","39572.967312658671","1.596249593843159E-2","PCE","0","Northwest Arctic","Northwest Arctic","NANA","AN"
"Alaska Village Electric Cooperative","Anvik","2822.7528747587558","1668.152866629109","0.59096667000000003","6579.5294117647054","3888.2825866376475","0.59096667000000014","20317.058823529413","12006.704597135293","4.9219722632386581E-2","PCE","0","Yukon-Koyukuk/Upper Tanana","Yukon-Koyukuk (CA)","Doyon","YU"
"Alaska Village Electric Cooperative","Brevig Mission","4874.7851651755145","2611.7474149114855","0.53576667","18416.899290267404","9867.1608044719287","0.53576667","68078.563327608164","36474.225172416744","1.468891162094289E-2","PCE","0","Bering Straits","Nome (CA)","Bering Straits","AN"
"Alaska Village Electric Cooperative","Chevak","5597.3886597096634","2711.4216930108964","0.48440833","22309.411764705881","10806.864896223529","0.48440833","54629.470588235294","26462.970616431179","1.830513803689239E-2","PCE","0","Lower Yukon-Kuskokwim","Wade Hampton (CA)","Calista","YU"
"Alaska Village Electric Cooperative","Eek","3564.0818838167206","2151.190723024677","0.60357499999999997","11504.108419029955","6943.5922390160058","0.60357499999999997","22999.703324316306","13882.045933974216","4.3478821700398004E-2","PCE","0","Lower Yukon-Kuskokwim","Bethel (CA)","Calista","SW"
"Alaska Village Electric Cooperative","Ekwok","2384.9079970704274","1766.5013534300656","0.74070000000000003","4951.5613666235822","3667.6215042580875","0.74070000000000003","1428.9103105553645","1058.3938670283585","0.69983398720899215","PCE","0","Bristol Bay","Dillingham (CA)","Bristol Bay","SW"
"Alaska Village Electric Cooperative","Elim","4483.4305912090149","2633.7913008057362","0.58745000000000003","18585.920000000002","10918.298704000001","0.58745000000000003","33319.040000000001","19573.270048000002","3.001286951844951E-2","PCE","0","Bering Straits","Nome (CA)","Bering Straits","AN"
"Alaska Village Electric Cooperative","Emmonak","5461.705543116811","3009.2632116187856","0.55097499999999999","25025.923036924636","13788.65794526955","0.55097499999999999","34984.585924675004","19275.632229847808","2.8584017034047254E-2","PCE","0","Lower Yukon-Kuskokwim","Wade Hampton (CA)","Calista","YU"
"Alaska Village Electric Cooperative","Gambell","4629.5975162453724","2416.5727280894885","0.52198332999999997","24360.21891804344","12715.628190369313","0.52198332999999997","53160.218215604429","27748.747727707861","1.8811058975421287E-2","PCE","0","Bering Straits","Nome (CA)","Bering Straits","AN"
"Alaska Village Electric Cooperative","Goodnews Bay","4606.8760172528282","2717.1354749757179","0.58979999999999999","16200.486885615746","9555.0471651361659","0.58979999999999999","30869.874000222269","18207.051685331095","3.239404216527738E-2","PCE","0","Lower Yukon-Kuskokwim","Bethel (CA)","Calista","SW"
"Alaska Village Electric Cooperative","Grayling","2579.7429413793616","1432.1012895919196","0.55513332999999998","9720.2727272727261","5396.0473675990906","0.55513332999999998","20897.454545454548","11600.873530341818","4.7852718034384352E-2","PCE","0","Yukon-Koyukuk/Upper Tanana","Yukon-Koyukuk (CA)","Doyon","YU"
"Alaska Village Electric Cooperative","Holy Cross","3982.7738555253013","2123.8805512990384","0.53326667000000005","6705.2094582606851","3575.6647194591801","0.53326667000000005","33022.605419130356","17609.854826583603","3.0282286552129195E-2","PCE","0","Yukon-Koyukuk/Upper Tanana","Yukon-Koyukuk (CA)","Doyon","YU"
"Alaska Village Electric Cooperative","Hooper Bay","4834.5675966516728","2501.1635461277428","0.51734999999999998","30621.226666666669","15841.891615999999","0.51734999999999998","65297.653333333328","33781.740951999993","1.5314486033597125E-2","PCE","0","Lower Yukon-Kuskokwim","Wade Hampton (CA)","Calista","YU"
"Alaska Village Electric Cooperative","Huslia","5972.6869806094182","3248.9426477944598","0.54396666999999999","6239.7777777777783","3394.2311393177779","0.54396666999999999","44098","23987.842213659998","2.2676765386185314E-2","PCE","0","Yukon-Koyukuk/Upper Tanana","Yukon-Koyukuk (CA)","Doyon","YU"
"Alaska Village Electric Cooperative","Kalskag, Lower Kalskag","4615.0956039164148","2676.5246954913246","0.57994999999999997","14253.260922229741","8266.1786718471376","0.57994999999999997","36522.685082065138","21181.331213343674","2.7380243203724931E-2","PCE","Provides power to Lower Kalskag via intertie. Fuel use and cost data includes information for Lower Kalskag.","Lower Yukon-Kuskokwim","Bethel (CA)","Calista","SW"
"Alaska Village Electric Cooperative","Kaltag","3886.9639344262291","2020.8973451969832","0.51991666999999997","4259.8635395485562","2214.7740661364983","0.51991666999999997","22270.772221118812","11578.945731532596","4.4901900574948417E-2","PCE","0","Yukon-Koyukuk/Upper Tanana","Yukon-Koyukuk (CA)","Doyon","YU"
"Alaska Village Electric Cooperative","Kasigluk, Nunapitchuk","4889.7394789579157","2597.4703427523041","0.53120833000000001","19755.06677550896","10494.056030856602","0.53120833000000001","30241.851286056437","16064.723317774391","3.3066758729187601E-2","PCE","Provides power to Nunapitchuk via intertie.  Fuel use and cost includes Nunapitchuk's information.","Lower Yukon-Kuskokwim","Bethel (CA)","Calista","SW"
"Alaska Village Electric Cooperative","Kiana","4847.9676767676774","3159.056937373738","0.65162500000000001","15662.013002362066","10205.759222664181","0.65162500000000001","51776.213375135216","33738.675040572482","1.9313888266696531E-2","PCE","0","Northwest Arctic","Northwest Arctic","NANA","AN"
"Alaska Village Electric Cooperative","Kivalina","5759.4437869822486","3679.5166732415382","0.63886666999999997","17426.950248296711","11133.497673384994","0.63886666999999997","48348.29349677726","30888.113266468743","2.0683253278973676E-2","PCE","0","Northwest Arctic","Northwest Arctic","NANA","AN"
"Alaska Village Electric Cooperative","Kotlik","5658.5239073791417","3314.480378747332","0.58574999999999999","21838.896241445305","12792.133473426587","0.58574999999999999","58400.688549710147","34208.203317992717","1.7123085786031597E-2","PCE","0","Lower Yukon-Kuskokwim","Wade Hampton (CA)","Calista","YU"
"Alaska Village Electric Cooperative","Koyuk","5526.2479338842977","3043.4889270337194","0.55073333000000002","12460.292673783011","6862.2984770071216","0.55073333000000002","27578.430083502411","15188.36063605946","3.6260222100104468E-2","PCE","0","Bering Straits","Nome (CA)","Bering Straits","AN"
"Alaska Village Electric Cooperative","Lower Kalskag","3681.1913523885692","2134.9069248177507","0.57994999999999997","13269.151555555556","7695.4444446444431","0.57994999999999985","37053.798000000003","21489.350150100003","2.6987786785041573E-2","PCE","Receives power from (Upper) Kalskag via intertie. For fuel use and cost, please refer to (Upper) Kalskag.","Lower Yukon-Kuskokwim","Bethel (CA)","Calista","SW"
"Alaska Village Electric Cooperative","Marshall","5088.5004418181552","2564.7314351873952","0.50402499999999995","14876.406829307622","7498.0809521417723","0.50402499999999995","58789.435717618304","29631.345337572562","1.7009858791692995E-2","PCE","0","Lower Yukon-Kuskokwim","Wade Hampton (CA)","Calista","YU"
"Alaska Village Electric Cooperative","Mekoryuk","3190.8529411764707","1745.1838246579409","0.54693333","9096.6406318032696","4975.255952565466","0.54693333","20480.763913446135","11201.612408124929","4.882630375634938E-2","PCE","0","Lower Yukon-Kuskokwim","Bethel (CA)","Calista","SW"
"Alaska Village Electric Cooperative","Minto","3550.2674418604652","2092.4388735465113","0.58937499999999998","4091.0204081632651","2411.1451530612244","0.58937499999999998","21539.836734693879","12695.041275510204","4.6425607227993312E-2","PCE","0","Yukon-Koyukuk/Upper Tanana","Yukon-Koyukuk (CA)","Doyon","YU"
"Alaska Village Electric Cooperative","Mountain Village","5731.6272005234823","3117.957452630194","0.54399167000000004","31419.401741591482","17091.892823809259","0.54399167000000004","74764.301064477026","40671.156992447635","1.3375367464983001E-2","PCE","0","Lower Yukon-Kuskokwim","Wade Hampton (CA)","Calista","YU"
"Alaska Village Electric Cooperative","New Stuyahok","5689.6347031963469","3532.4571001365298","0.62085833000000001","10726.634473613545","6659.7203658081353","0.62085833000000001","18196.993576119916","11297.755042690538","5.4954132715214529E-2","PCE","0","Bristol Bay","Dillingham (CA)","Bristol Bay","SW"
"Alaska Village Electric Cooperative","Nightmute","3665.1138334576435","1898.3090589010519","0.51793999999999996","9218.8968060385323","4774.8354117195977","0.51793999999999996","16502.317696615661","8547.210427785114","6.0597548682818213E-2","PCE","Receives power from Toksook Bay via intertie. For fuel use and cost, please refer to Toksook Bay.","Lower Yukon-Kuskokwim","Bethel (CA)","Calista","SW"
"Alaska Village Electric Cooperative","Noatak","6571.795501022495","4863.0191189256448","0.73998333000000005","21862.130430749818","16177.612077040589","0.73998333000000005","70837.96489055852","52418.913150138593","1.4116724012963317E-2","PCE","0","Northwest Arctic","Northwest Arctic","NANA","AN"
"Alaska Village Electric Cooperative","Noorvik","6648.7153093573706","4082.9206876778344","0.61409166999999998","20016.305763264605","12291.846633393783","0.61409166999999998","82121.189224447095","50429.93823322672","1.2177125166403516E-2","PCE","0","Northwest Arctic","Northwest Arctic","NANA","AN"
"Alaska Village Electric Cooperative","Nulato","4630.2780269058294","2465.6230493273538","0.53249999999999997","7454.885887218079","3969.726734943627","0.53249999999999997","83404.652065705013","44412.97722498791","1.1989738884255689E-2","PCE","0","Yukon-Koyukuk/Upper Tanana","Yukon-Koyukuk (CA)","Doyon","YU"
"Alaska Village Electric Cooperative","Nunapitchuk","4619.1962491055219","2469.5608906592856","0.53463000000000005","9016.6666666666661","4820.5805","0.53463000000000005","16745.38095238095","8952.5830185714294","5.9717960603208275E-2","PCE","Receives power from Kasigluk. Please refer to Kasigluk for fuel use and cost.","Lower Yukon-Kuskokwim","Bethel (CA)","Calista","SW"
"Alaska Village Electric Cooperative","Old Harbor","3681.8506939589611","2121.5744161265025","0.57622499999999999","6721.9622641509432","3873.3627056603773","0.57622499999999999","22126.867924528302","12750.054469811319","4.5193924572192609E-2","PCE","0","Kodiak","Kodiak Island","Koniag","SC"
"Alaska Village Electric Cooperative","Pilot Station","5417.651332475918","2902.1455065596374","0.53568333000000001","17885.509433962266","9580.9692523313224","0.53568333000000001","54768.226415094337","29338.425904231699","1.8258761794126607E-2","PCE","0","Lower Yukon-Kuskokwim","Wade Hampton (CA)","Calista","YU"
"Alaska Village Electric Cooperative","Pitkas Point","3139.9771428571426","1558.6532539428572","0.49639000000000005","9069.5732375185016","4502.0454593718086","0.49639000000000005","23682.742105230158","11755.876353615198","4.2224840162371123E-2","PCE","Receives power from Saint Mary's via intertie. For fuel use and cost, please refer to Saint Mary's.","Lower Yukon-Kuskokwim","Wade Hampton (CA)","Calista","YU"
"Alaska Village Electric Cooperative","Quinhagak","4888.0669710806696","2623.2626241068492","0.53666667000000001","23322.492753623188","12516.404522186087","0.53666667000000001","30678.840579710148","16464.311213373916","3.2595755938096403E-2","PCE","0","Lower Yukon-Kuskokwim","Bethel (CA)","Calista","SW"
"Alaska Village Electric Cooperative","Russian Mission","4581.8902563641241","2503.5066689315217","0.54639167","6829.3584905660382","3731.5045906890568","0.54639167","46017.811320754714","25143.748777292076","2.1730716244407415E-2","PCE","0","Lower Yukon-Kuskokwim","Wade Hampton (CA)","Calista","YU"
"Alaska Village Electric Cooperative","Saint Mary's, Andreafsky, Pitkas Point","4439.5975960733549","2191.5703714536367","0.49364167000000003","23869.901507516035","11783.178042905734","0.49364167000000003","31020.525618711192","15313.024070698377","3.223672004438289E-2","PCE","Provides power to Andreafsky and Pitkas Point via intertie. Includes Andreafsky's information. Fuel use and cost also includes Pitkas Point.","Lower Yukon-Kuskokwim","Wade Hampton (CA)","Calista","YU"
"Alaska Village Electric Cooperative","Saint Michael","6094.5464358349891","3372.5188663583763","0.55336666999999995","30501.122452024039","16878.304562538775","0.55336666999999995","56164.108050298411","31079.345445313822","1.7804965390075072E-2","PCE","0","Bering Straits","Nome (CA)","Bering Straits","AN"
"Alaska Village Electric Cooperative","Savoonga","5580.9317961503866","2739.586384597183","0.49088333000000001","26764.981132075474","13138.483065500377","0.49088333000000001","65743.773584905663","32272.522504124532","1.5210565890449486E-2","PCE","0","Bering Straits","Nome (CA)","Bering Straits","AN"
"Alaska Village Electric Cooperative","Scammon Bay","5447.2927222179615","3085.6189625003644","0.56645000000000001","12190.89029747631","6905.5298090054557","0.56645000000000001","44758.521401181373","25353.464447699189","2.2342114276670579E-2","PCE","0","Lower Yukon-Kuskokwim","Wade Hampton (CA)","Calista","YU"
"Alaska Village Electric Cooperative","Selawik","6603.8358662613982","3793.6285233266258","0.57445833000000002","17029.013140924915","9782.4584504837803","0.57445833000000002","55141.968736242816","31676.763273134264","1.8135007199021825E-2","PCE","0","Northwest Arctic","Northwest Arctic","NANA","AN"
"Alaska Village Electric Cooperative","Shageluk","2265.1034482758619","1359.2319517241378","0.60007500000000003","12254.50522517571","7353.6222229973146","0.60007500000000003","18145.186414391508","10888.472737615984","5.5111034803526138E-2","PCE","0","Yukon-Koyukuk/Upper Tanana","Yukon-Koyukuk (CA)","Doyon","YU"
"Alaska Village Electric Cooperative","Shaktoolik","5240.6701801315803","3014.3898328290852","0.57519167000000004","19135.739130434784","11006.717747119132","0.57519167000000004","23692.695652173912","13627.841178975654","4.2207101069491236E-2","PCE","0","Bering Straits","Nome (CA)","Bering Straits","AN"
"Alaska Village Electric Cooperative","Shishmaref","5259.1510791366909","3109.6045543165469","0.591275","20929.388888888887","12375.024415277776","0.591275","26262.666666666668","15528.458233333331","3.8076864497131539E-2","PCE","0","Bering Straits","Nome (CA)","Bering Straits","AN"
"Alaska Village Electric Cooperative","Shungnak, Kobuk","5711.028445095596","4153.3454366957722","0.72724999999999995","50985.316447404322","37079.071386374788","0.72724999999999984","27836.89346266133","20244.380770720451","3.5923548773189706E-2","PCE","Provides power to Kobuk via intertie. Fuel use and cost includes Kobuk's information.","Northwest Arctic","Northwest Arctic","NANA","AN"
"Alaska Village Electric Cooperative","Stebbins","3819.3154362416103","2132.228325167785","0.55827499999999997","17916","10002.054899999999","0.55827499999999997","33153.180327868853","18508.591747540984","3.0163018754475003E-2","PCE","0","Bering Straits","Nome (CA)","Bering Straits","AN"
"Alaska Village Electric Cooperative","Teller","3620.1340123894229","2256.2183675053843","0.62324166999999997","12354.114964436052","7699.5992418071146","0.62324166999999997","25931.618495073082","16161.665216672232","3.8562961281803393E-2","PCE","0","Bering Straits","Nome (CA)","Bering Straits","AN"
"Alaska Village Electric Cooperative","Togiak","5210.0949135773253","2961.1140440410431","0.56834167000000002","31435.345322684825","17866.016657721382","0.56834167000000002","34297.245064809234","19492.553536532938","2.9156860794806293E-2","PCE","0","Bristol Bay","Dillingham (CA)","Bristol Bay","SW"
"Alaska Village Electric Cooperative","Toksook Bay, Nightmute, Tununak","5291.3069679849341","2735.8702677966103","0.51705000000000001","15251.64533139989","7885.8632186003133","0.51705000000000001","43312.048362415349","22394.494605786855","2.3088263839023702E-2","PCE","Provides power to Nightmute and Tununak via intertie. Fuel use and cost includes Nightmute's and Tununak's information.","Lower Yukon-Kuskokwim","Bethel (CA)","Calista","SW"
"Alaska Village Electric Cooperative","Tununak","4248.7877655492357","2200.6171352885708","0.51793999999999996","7250.1743020087424","3755.1552779824078","0.51793999999999996","23176.428908015332","12003.999588617458","4.3147285717264242E-2","PCE","Receives power from Toksook Bay via intertie. For fuel use and cost, please refer to Toksook Bay.","Lower Yukon-Kuskokwim","Bethel (CA)","Calista","SW"
"Alaska Village Electric Cooperative","Wales","4635.7365307607661","2985.2598167113629","0.64396666999999996","10868.464673873739","6998.9290040471069","0.64396666999999996","21372.536477590591","13763.201144927541","4.6789018282809541E-2","PCE","0","Bering Straits","Nome (CA)","Bering Straits","AN"
"Alutiiq Power Company","Karluk","6519.6454045659384","3911.7872427395632","0.6","9912.2772280700683","5947.3663368420412","0.6","2103.9692955067476","1262.3815773040485","0.4752921072259027","PCE","0","Kodiak","Kodiak Island","Koniag","SC"
"Anchorage Municipal Light & Power","Anchorage","5919.0190107810058","770.82133157764804","0.13022788576513444","153594.50880812568","15534.565941913983","0.10114011277135025","0","0",NA,"EIA","0","Railbelt","Anchorage","Cook Inlet","SC"
"Aniak Light & Power","Aniak","5361.6111587393762","3853.5239800649583","0.71872499999999995","25231.206896551725","18134.299176724136","0.71872500000000006","15253.551724137931","10963.108962931035","6.5558501920411974E-2","PCE","0","Lower Yukon-Kuskokwim","Bethel (CA)","Calista","SW"
"Atka, City of","Atka","5828.3571428571422","4089.5639479992856","0.70166667000000005","12317.704514173622","8642.922708504173","0.70166667000000005","9923.9996746229626","6963.3398047737774","0.10076582353757409","PCE","0","Aleutians","Aleutians West (CA)","Aleut","SW"
"Atmautluak Tribal Utilities","Atmautluak","4092.6338028169012","2859.1139746478871","0.6986","36904.666666666664","25781.60013333333","0.6986","9348.3333333333339","6530.7456666666676","0.10697093956141913","PCE","0","Lower Yukon-Kuskokwim","Bethel (CA)","Calista","SW"
"Barrow Utilities & Electric Cooperative Inc.","Barrow","7728.7087912087909","895.60439560439568","0.11588020972185195","98474.619289340102","9941.6243654822338","0.10095621021160339","0","0",NA,"EIA","0","North Slope","North Slope","Arctic Slope","AN"
"Beaver Joint Utilities","Beaver","2699.6790123456794","1754.7913580246914","0.65","12059.229800338708","7838.4993702201618","0.65000000000000013","8554.2388460271122","5560.2552499176236","0.11690110809384693","PCE","0","Yukon-Koyukuk/Upper Tanana","Yukon-Koyukuk (CA)","Doyon","YU"
"Bethel Utilities Corporation","Bethel, Oscarville","6021.0348784549733","3091.0989359473592","0.51338333000000003","24640.648464689108","12650.098162161485","0.51338333000000003","4015.594608793223","2061.5393321923125","0.24902912206581596","PCE","Provides power to Oscarville and sells power to Napakiak Ircinraq via intertie. Data includes Oscarville's information.","Lower Yukon-Kuskokwim","Bethel (CA)","Calista","SW"
"Buckland, City of","Buckland","6225.8214285714284","2951.6619392857147","0.47410000000000002","44850.25","21263.503525","0.47409999999999997","4922.9375","2333.9646687500003","0.20313075272639558","PCE","0","Northwest Arctic","Northwest Arctic","NANA","AN"
"Chalkyitsik Village Council","Chalkyitsik","1504.7044025157231","1429.469182389937","0.95","7818.6666666666661","7427.7333333333327","0.95","17812.5","16921.875","5.6140350877192984E-2","PCE","0","Yukon-Koyukuk/Upper Tanana","Yukon-Koyukuk (CA)","Doyon","YU"
"Chenega Ira Council","Chenega Bay","4350.2800000000007","1892.3718000000001","0.43499999999999994","11733.272727272726","5103.9736363636366","0.435","4845","2107.5750000000003","0.20639834881320948","PCE","0","Copper River/Chugach","Valdez-Cordova (CA)","Chugach","SC"
"Chignik Lagoon Power Utility","Chignik Lagoon","4413.5063603376593","3053.0430247635759","0.69174999999999998","19873.363184696293","13747.398983013658","0.69174999999999998","9552.1361465423615","6607.6901793706784","0.10468862510528344","PCE","0","Bristol Bay","Lake and Peninsula","Bristol Bay","SW"
"Chignik Lake Electric Utility","Chignik Lake","2292.2000000000003","1542.6506000000002","0.67300000000000004","17694.5","11908.398500000003","0.67300000000000004","32234","21693.482000000004","3.1023143264875597E-2","PCE","0","Bristol Bay","Lake and Peninsula","Bristol Bay","SW"
"Chignik, City of","Chignik","3241.8770225278877","1541.7286601531025","0.47556667000000002","17848.157056582095","8487.9886170357495","0.47556667000000002","3557.0603266761527","1691.6193345464901","0.28113102060724299","PCE","0","Bristol Bay","Lake and Peninsula","Bristol Bay","SW"
"Chitina Electric Inc","Chitina","3196.4523107376385","2011.1012561606055","0.62916667000000004","10169.831883361345","6398.5192605142865","0.62916667000000004","2944.6153022485232","1852.653804146747","0.33960293530920488","PCE","0","Copper River/Chugach","Valdez-Cordova (CA)","Ahtna","SC"
"Chugach Electric Assn Inc",NA,"7817.8232872979679","1112.5213325875891","0.14230576615810203","61500.758396533041","7372.6977248104004","0.11987978550238526","5802.2751895991332","633.69447453954501","0.17234618616375688","EIA","0","Railbelt","Anchorage","Cook Inlet","SC"
"Circle Electric Utility","Circle","3544.0352727775121","2744.8257969523606","0.77449166999999997","11282.25","8738.0086438574999","0.77449166999999997","16899","13088.134731329999","5.9175099118291018E-2","PCE","0","Yukon-Koyukuk/Upper Tanana","Yukon-Koyukuk (CA)","Doyon","YU"
"Copper Valley Elec Assn Inc","Valdez","6109.13364674278","1737.4076561450638","0.28439509701533555","79069.885641677261","19506.988564167725","0.24670566304557434","0","0",NA,"EIA","0","Copper River/Chugach","Valdez-Cordova (CA)","Chugach","SC"
"Cordova Electric Cooperative","Cordova, Eyak","6063.8576555023928","2553.8947361219498","0.42116666999999997","25057.719008264463","10553.476072506444","0.42116667000000002","7373.1507280598189","3105.3253395450297","0.13562722869536961","PCE",NA,"Copper River/Chugach","Valdez-Cordova (CA)","Chugach","SC"
"Diomede Joint Utilities","Diomede","2796.3034658670226","1677.7820795202135","0.6","18522.075463051886","11113.245277831133","0.6","3309.0000827250019","1985.4000496350011","0.30220609700815959","PCE","0","Bering Straits","Nome (CA)","Bering Straits","AN"
"Egegik Light & Power Co","Egegik","1771.2235294117647","1523.2522352941176","0.86","6593.4602637384114","5670.3758268150332","0.86","4131.3601652544066","3552.9697421187898","0.2420510340420588","PCE","0","Bristol Bay","Lake and Peninsula","Bristol Bay","SW"
"Elfin Cove Utility Commission","Elfin Cove","1778.6694458341046","1326.9170570119043","0.74601667000000005","5337.5609756097556","3981.9094649463418","0.74601667000000005","374.76422764227641","279.58036114081301","2.6683443248871921","PCE","0","Southeast","Hoonah-Angoon (CA)","Sealaska","SE"
"False Pass, City of","False Pass","3303.7307692307695","1695.4471106919232","0.51319166999999999","16500.76923076923","8468.057317823077","0.51319166999999999","6800.6923076923076","3490.0586425407691","0.14704385300139125","PCE","0","Aleutians","Aleutians East","Aleut","SW"
"G & K Inc","Cold Bay","5087.6226548358709","3638.4981522755293","0.71516667","34522.709677419356","24689.491319376779","0.71516667","60369.290322580644","43174.104330263224","1.6564713526638197E-2","PCE","0","Aleutians","Aleutians East","Aleut","SW"
"Gold Country Energy","Central","1933.3018181818181","1499.5172227272728","0.77562500000000001","7360","5708.6","0.77562500000000001","15794.133333333333","12250.324666666667","6.3314648477071647E-2","PCE","0","Yukon-Koyukuk/Upper Tanana","Yukon-Koyukuk (CA)","Doyon","YU"
"Golden Valley Elec Assn Inc",NA,"8063.6976344654413","1807.5644244746927","0.22416073945393161","21588.592800374005","4484.5410628019326","0.20772734491171843","131884.52547919587","22516.86146174225","7.5823907040386248E-3","EIA","0","Railbelt","Fairbanks North Star","Doyon","YU"
"Golovin Power Utilities","Golovin","4109.0181818181818","2372.9580000000005","0.57750000000000001","9233.3846153846152","5332.2796153846157","0.57750000000000001","3878.1923076923076","2239.6560576923075","0.25785209207303167","PCE","0","Bering Straits","Nome (CA)","Bering Straits","AN"
"Gustavus Electric Co","Gustavus","2126.9423295425272","949.21890554619631","0.44628332999999998","4863.5620981986285","2170.5266888458709","0.44628332999999998","2776.7162215071089","1239.2021617992102","0.36013763028950552","PCE","0","Southeast","Hoonah-Angoon (CA)","Sealaska","SE"
"Gwitchyaa Zhee Utilities Company","Fort Yukon","4203.5140660790375","2511.9849906166623","0.59759167000000002","14888.64705882353","8897.3314599229398","0.59759167000000002","9372.0147058823532","5600.6379193527946","0.10670064349902793","PCE","0","Yukon-Koyukuk/Upper Tanana","Yukon-Koyukuk (CA)","Doyon","YU"
"Homer Electric Assn Inc",NA,"6958.2585628462202","1372.5910899586486","0.19726071941155365","46314.293166405841","8219.6139801773606","0.17747467181771592","30889.932185706832","2480.1773604590503","3.2373007295325586E-2","EIA","Generation from Bradley Lake is shared among Chugach, AML&P, HEA, MEA, Seward Electric and GVEA","Railbelt","Anchorage","Cook Inlet","SC"
"Hughes Power & Light","Hughes","3762.0810810810813","2671.0775675675677","0.71","8762.9996629615507","6221.7297607027003","0.71","9598.0380923831508","6814.6070455920362","0.10418795907817703","PCE","0","Yukon-Koyukuk/Upper Tanana","Yukon-Koyukuk (CA)","Doyon","YU"
"Igiugig Electric Company","Igiugig","3777.0346697756249","3032.958839829827","0.80300000000000005","10345.545444444446","8307.4729918888897","0.80300000000000005","10010.959666666666","8038.8006123333344","9.9890523316129631E-2","PCE","0","Bristol Bay","Lake and Peninsula","Bristol Bay","SW"
"I-N-N Electric Coop, Inc","Iliamna, Newhalen, Nondalton","4983.8717948717949","2960.5444429487184","0.59402500000000003","15696.989010989011","9324.4038972527469","0.59402500000000003","5808.3516483516478","3450.3060879120876","0.17216588466777663","PCE","Power produced at the Tazimina hydroelectric project and the Newhalen plant is shared by Iliamna, Newhalen and Nondalton. Newhalen's information is included in Nondalton's data.","Bristol Bay","Lake and Peninsula","Bristol Bay","SW"
"Inside Passage Electric","Angoon","4908.7858048162234","3069.4637637515839","0.62529999999999997","22124.122532329293","13834.213819465507","0.62529999999999997","10823.925887411056","6768.200857398132","9.2387920094969087E-2","PCE","0","Southeast","Hoonah-Angoon (CA)","Sealaska","SE"
"Inside Passage Electric","Chilkat Valley","3503.8706467661691","2175.0568912225872","0.62075833000000002","14477.282461171255","8986.8936835349596","0.62075833000000002","724.8629568545083","449.9647185758667","1.379571118297215","PCE","Provides power to Klukwan via intertie. Power is purchased from AP&T.","Southeast","Haines","Sealaska","SE"
"Inside Passage Electric","Hoonah","5016.0168335925009","3117.8724467604829","0.62158332999999999","32571.185840707964","20245.706156916105","0.62158332999999999","13921.203539823009","8653.1880538909736","7.1832869704074001E-2","PCE","0","Southeast","Hoonah-Angoon (CA)","Sealaska","SE"
"Inside Passage Electric","Kake","4717.2897689444371","2926.6852098735772","0.62041667","24379.500658905425","15125.44861506091","0.62041667","5577.5879885834593","3460.4285665089474","0.17928896900360153","PCE","0","Southeast","Petersburg (CA)","Sealaska","SE"
"Inside Passage Electric","Klukwan","4694.1276595744675","2924.1677234485105","0.62294167","13117","8171.1258853899999","0.62294167","8900.7142857142844","5544.6258213357141","0.1123505336650349","PCE","Receives power from Chilkat Valley via intertie. Chilkat Valley purchases power from AP&T.","Southeast","Hoonah-Angoon (CA)","Sealaska","SE"
"Ketchikan Public Utilities","Ketchikan","11407.055412371134","1165.1900773195875","0.10214643790157453","57773.50776778414","5590.4333605887159","9.6764651768402293E-2","19004.088307440721","1596.5658217497955","5.2620256432320801E-2","EIA","0","Southeast","Ketchikan Gateway","Sealaska","SE"
"King Cove, City of","King Cove","9054.7376725838276","2536.4583905325449","0.28012500000000001","6945.7238095238099","1945.6708821428574","0.28012500000000001","6433.5857142857149","1802.2081982142859","0.15543431678846054","PCE","0","Aleutians","Aleutians East","Aleut","SW"
"Kipnuk Light Plant","Kipnuk","4680.2360060514375","2685.6754125383968","0.57383333000000003","11080.193548387097","6358.1843609154839","0.57383333000000003","8005.3870967741932","4593.7579356809683","0.12491588325603324","PCE","0","Lower Yukon-Kuskokwim","Bethel (CA)","Calista","SW"
"Kobuk Valley Electric Company","Kobuk","5010.7837181594487","4359.3818347987208","0.87","14995.696965398538","13046.256359896726","0.86999999999999988","12627.972762150974","10986.336303071346","7.9189274385928127E-2","PCE","Receives power from Shungnak via intertie. For fuel use and cost, please refer to Shungnak. On July 1, 2012, AVEC took over operations in Kobuk.","Northwest Arctic","Northwest Arctic","NANA","AN"
"Kodiak Electric Assn Inc","Kodiak","7277.6711452335257","1384.730219663041","0.19027106227106227","20869.18604651163","3858.5271317829461","0.18489111761155222","83631.782945736428","14522.286821705427","1.1957176623256245E-2","EIA","0","Kodiak","Kodiak Island","Koniag","SC"
"Kokhanok Village Council","Kokhanok","3250.9423282903913","2925.8480954613519","0.9","8994.3245674141781","8094.8921106727594","0.9","27651.081828407616","24885.973645566854","3.6164950297627778E-2","PCE","0","Bristol Bay","Lake and Peninsula","Bristol Bay","SW"
"Kotzebue Electric Association","Kotzebue","7578.2697435897435","3164.432861192523","0.41756666999999997","98918.196261682242","41304.941815397098","0.41756666999999997","27660.411214953274","11550.065801858691","3.615275247460522E-2","PCE","0","Northwest Arctic","Northwest Arctic","NANA","AN"
"Koyukuk, City of","Koyukuk","2138.3293614510735","1051.3452765078757","0.49166666999999997","16861.400000000001","8290.1883895379997","0.49166666999999997","12383.199999999999","6088.4067079439992","8.0754570708702123E-2","PCE","0","Yukon-Koyukuk/Upper Tanana","Yukon-Koyukuk (CA)","Doyon","YU"
"Kwethluk Incorporated","Kwethluk","3492.1902333546595","1815.9389213444231","0.52","30822.855884781391","16027.885060086322","0.52","16424.815656129973","8540.904141187586","6.0883483926760906E-2","PCE","0","Lower Yukon-Kuskokwim","Bethel (CA)","Calista","SW"
"Kwigillingok Power Company","Kwigillingok","5163.794303121128","3085.367096114875","0.59750000000000014","32360.190063788919","19335.213563113877","0.59750000000000003","6562.540717906506","3921.1180789491373","0.15238000691887618","PCE","0","Lower Yukon-Kuskokwim","Bethel (CA)","Calista","SW"
"Larsen Bay Utility Company","Larsen Bay","3980.4081523643035","1651.8693832311858","0.41499999999999998","9876.9610512046784","4098.9388362499412","0.41499999999999998","6617.2639770524584","2746.1645504767698","0.15111985912422859","PCE","0","Kodiak","Kodiak Island","Koniag","SC"
"Levelock Electrical Coop","Levelock","4710.1492537313434","3297.1044776119397","0.7","11223.35135135135","7856.3459459459455","0.7","10426.054054054055","7298.2378378378371","9.5913563733266968E-2","PCE","0","Bristol Bay","Lake and Peninsula","Bristol Bay","SW"
"Manokotak Power Company","Manokotak","3692.7687074829932","2031.0227891156462","0.55000000000000004","7096.3116883116882","3902.971428571429","0.55000000000000004","28229.246753246756","15526.085714285715","3.5424253744389622E-2","PCE","0","Bristol Bay","Dillingham (CA)","Bristol Bay","SW"
"Matanuska Electric Association",NA,"8479.6671612915343","1281.2411953643007","0.15109569408726123","72449.836423118861","9213.7404580152688","0.12717406847139751","0","0",NA,"EIA","0","Railbelt","Matanuska Susitna","Cook Inlet","SC"
"Mcgrath Light & Power","McGrath","3778.2765957446809","1924.4651840425531","0.50934999999999997","14741.4","7508.5320899999997","0.50934999999999997","15752.483333333334","8023.527385833333","6.3482054152308259E-2","PCE","0","Yukon-Koyukuk/Upper Tanana","Yukon-Koyukuk (CA)","Doyon","SW"
"Metlakatla Power & Light","Metlakatla","13190.327613104524","1204.3681747269891","9.1306918982850385E-2","47052.380952380947","5642.8571428571431","0.11992713288128731","285.71428571428572","52.38095238095238","3.5","EIA","0","Southeast","Prince of Wales-Hyder (CA)","Sealaska","SE"
"Middle Kuskokwim Electric","Chuathbaluk","3548.6531236722362","3014.4921122314727","0.84947499999999998","18202.833333333336","15462.851845833333","0.84947499999999998","4495.666666666667","3818.9564416666663","0.22243642025654334","PCE","0","Lower Yukon-Kuskokwim","Bethel (CA)","Calista","SW"
"Middle Kuskokwim Electric","Crooked Creek","3086.6666666666665","2622.0204547333333","0.84946666999999998","13201.625","11214.34042733875","0.84946666999999998","6316.5","5365.6562210550001","0.15831552283701417","PCE","0","Lower Yukon-Kuskokwim","Bethel (CA)","Calista","SW"
"Middle Kuskokwim Electric","Red Devil","3503.5052991136208","2975.5854539705342","0.84931666999999988","7727.666666666667","6563.2361202033326","0.84931666999999988","4803.666666666667","4079.8341771233336","0.20817431128998681","PCE","0","Lower Yukon-Kuskokwim","Bethel (CA)","Calista","SW"
"Middle Kuskokwim Electric","Sleetmute","3322.8739233699966","2822.7260055945094","0.84948333000000009","9407","7991.0896853100003","0.84948332999999998","11885.714285714286","10096.716150857144","8.4134615384615377E-2","PCE","0","Lower Yukon-Kuskokwim","Bethel (CA)","Calista","SW"
"Middle Kuskokwim Electric","Stony River","2351.0643064610758","1997.2291283386837","0.84950000000000003","9794","8320.0030000000006","0.84950000000000003","3927.6000000000004","3336.4962000000005","0.25460841226194109","PCE","0","Lower Yukon-Kuskokwim","Bethel (CA)","Calista","SW"
"Naknek Electric Association","Naknek, King Salmon, South Naknek","4564.113602568078","2302.8615372420331","0.50455833000000005","39115.847034830251","19736.226456429406","0.50455833000000005","22343.252502983971","11273.474169673915","4.47562412798427E-2","PCE","Provides power to South Naknek and King Salmon via intertie. Data includes South Naknek's and King Salmon's information.","Bristol Bay","Bristol Bay","Bristol Bay","SW"
"Napakiak Ircinraq","Napakiak","3220.6241541075933","2658.2494889957588","0.82538332999999997","9933.823529411764","8199.2123443382352","0.82538332999999997","4331.7058823529414","3575.3178257570585","0.23085593231847257","PCE","Purchases power from Bethel Utilities Corporation","Lower Yukon-Kuskokwim","Bethel (CA)","Calista","SW"
"Napaskiak Electric Utility","Napaskiak","4145.1214953271037","2642.5149532710279","0.63749999999999996","43005.8","27416.197499999998","0.63749999999999996","18223","11617.162499999999","5.4875706524721506E-2","PCE","0","Lower Yukon-Kuskokwim","Bethel (CA)","Calista","SW"
"Naterkaq Light Plant","Chefornak","4409.9475841666572","2550.4196714765581","0.57833332999999998","25901.302927937279","14979.586773652714","0.57833332999999998","68059.117861839957","39360.856269900381","1.4693108453594721E-2","PCE","0","Lower Yukon-Kuskokwim","Bethel (CA)","Calista","SW"
"Native Village of Perryville","Perryville","2750.7486033519554","2613.2111731843574","0.95","16315.861506349602","15500.068431032123","0.95000000000000007","6328.3446093674274","6011.9273788990549","0.15801920750645701","PCE","0","Bristol Bay","Lake and Peninsula","Bristol Bay","SW"
"Nelson Lagoon Electrical Coop","Nelson Lagoon","4276.6388888888887","3271.6287500000003","0.76500000000000001","12003.23076923077","9182.4715384615374","0.76500000000000001","4865.3846153846152","3722.0192307692314","0.20553359683794467","PCE","0","Aleutians","Aleutians East","Aleut","SW"
"New Koliganek Village Council","Koliganek","3688.1714285714293","1862.5265714285717","0.505","10068.142857142859","5084.4121428571425","0.505","40204.428571428572","20303.236428571428","2.4872881807618919E-2","PCE","0","Bristol Bay","Dillingham (CA)","Bristol Bay","SW"
"Nikolai, City of","Nikolai","4473.820923540412","3597.7349411881105","0.80417499999999997","11696.666666666668","9406.166916666667","0.80417499999999997","17648","14192.080400000001","5.6663644605621032E-2","PCE","0","Yukon-Koyukuk/Upper Tanana","Yukon-Koyukuk (CA)","Doyon","SW"
"Nome Joint Utility Systems","Nome","5418.8118335725576","1962.6936461199803","0.36220000000000002","59882.171256108588","21689.322428962529","0.36220000000000002","24057.624086879434","8713.6714442677312","4.1566864474592104E-2","PCE","0","Bering Straits","Nome (CA)","Bering Straits","AN"
"North Slope Borough Power & Light","Anaktuvuk Pass","7093.086956521739","1063.9630434782607","0.15","43434.539866263891","6515.1809799395824","0.15","1189.1661703849877","178.37492555774816","0.84092536846743138","PCE","0","North Slope","North Slope","Arctic Slope","AN"
"North Slope Borough Power & Light","Atqasuk","10113.316017316016","1516.9974025974027","0.15","41453.767857142855","6218.065178571429","0.15","1580.8928571428571","237.13392857142858","0.63255393651869418","PCE","0","North Slope","North Slope","Arctic Slope","AN"
"North Slope Borough Power & Light","Kaktovik","8264.8056580341672","1239.7208487051248","0.15","68214.069690928256","10232.110453639238","0.15","17584.047220877761","2637.6070831316638","5.6869728990075023E-2","PCE","0","North Slope","North Slope","Arctic Slope","AN"
"North Slope Borough Power & Light","Nuiqsut","8539.6467780429593","683.17174224343682","0.08","53666.14339622642","4293.2914716981131","0.08","1767.5622641509435","141.40498113207548","0.56575093295531209","PCE","0","North Slope","North Slope","Arctic Slope","AN"
"North Slope Borough Power & Light","Point Hope","9155.5196107540069","1373.3279416131013","0.15","41908.876859245996","6286.3315288868998","0.15","3653.3045686952833","547.99568530429246","0.27372478291814945","PCE","0","North Slope","North Slope","Arctic Slope","AN"
"North Slope Borough Power & Light","Point Lay","7575.6756756756758","1136.3513513513512","0.15","41292.292134831463","6193.8438202247198","0.15","2222.4943820224717","333.37415730337079","0.44994489438933888","PCE","0","North Slope","North Slope","Arctic Slope","AN"
"North Slope Borough Power & Light","Wainwright","8131.9974512198596","1219.7996176829788","0.15","47318.671097218707","7097.8006645828063","0.15","1821.6333430484144","273.24500145726211","0.54895789200177292","PCE","0","North Slope","North Slope","Arctic Slope","AN"
"Nunam Iqua Electric Company","Nunam Iqua","4267.0818273087925","2261.5533684736602","0.53","56317.777777777781","29848.422222222227","0.53","32144.888888888894","17036.791111111113","3.1109144705914884E-2","PCE","0","Lower Yukon-Kuskokwim","Wade Hampton (CA)","Calista","YU"
"Nushagak Electric Cooperative","Dillingham, Aleknagik","5691.6850401161","2277.9072334440821","0.40021667","27277.243243243243","10916.807457590812","0.40021667","4446.0823680823687","1779.3962798996399","0.224917110663271","PCE","Provides power to Aleknagik via intertie. Data includes Aleknagik's information.","Bristol Bay","Dillingham (CA)","Bristol Bay","SW"
"Ouzinkie, City of","Ouzinkie","4234.906577530357","1754.2041770775122","0.41422500000000001","25531.684210526313","10575.861892105264","0.41422500000000007","11148.000000000002","4617.7802999999994","8.9702188733405089E-2","PCE","0","Kodiak","Kodiak Island","Koniag","SC"
"Pedro Bay Village Council","Pedro Bay","2895.6","2634.9960000000001","0.91","10424.23764149958","9486.0562537646201","0.91","3385.0170638988839","3080.3655281479846","0.29541948566965087","PCE","0","Bristol Bay","Lake and Peninsula","Bristol Bay","SW"
"Pelican Utility","Pelican","4889.5224523075658","3355.3532745567873","0.68623332999999997","13292.560651400958","9121.7981600378498","0.68623332999999997","14385.365502795963","9871.7172722507985","6.9515091556459824E-2","PCE","0","Southeast","Hoonah-Angoon (CA)","Sealaska","SE"
"Petersburg, City of","Petersburg","14915.142648134601","1468.0321872713973","9.8425621658737555E-2","12033.66058906031","1403.3660589060307","0.11662004662004662","30443.197755960729","3267.7419354838712","3.2848060444116832E-2","EIA","0","Southeast","Petersburg (CA)","Sealaska","SE"
"Pilot Point Electric Utility","Pilot Point","4288.2820512820508","2144.1410256410254","0.5","8036.065573770491","4018.0327868852455","0.5","6991.0163934426228","3495.5081967213114","0.14304071736092222","PCE","0","Bristol Bay","Lake and Peninsula","Bristol Bay","SW"
"Port Heiden Utilities","Port Heiden","4365.3854748603353","3274.0391061452515","0.75","5152.8818595557304","3864.6613946667976","0.75","9446.7575292731053","7085.0681469548272","0.10585642712870037","PCE","0","Bristol Bay","Lake and Peninsula","Bristol Bay","SW"
"Puvurnaq Power Company","Kongiganak","4848.2678247304348","2707.4747806497317","0.55844167","11665.483408213111","6514.4920358398222","0.55844167","6618.8091375013291","3696.2188281575022","0.15108458020554294","PCE","0","Lower Yukon-Kuskokwim","Bethel (CA)","Calista","SW"
"Ruby, City of","Ruby","1884.7485198027109","1583.1887566342771","0.84","20570.857142857145","17279.52","0.84","8991.0714285714294","7552.5","0.11122144985104269","PCE","0","Yukon-Koyukuk/Upper Tanana","Yukon-Koyukuk (CA)","Doyon","YU"
"Saint George, City of","Saint George","2866.8249258160236","2386.6317507418398","0.83250000000000002","6067.2","5050.9440000000004","0.83250000000000013","12037.800000000001","10021.468500000001","8.307165761185599E-2","PCE","0","Aleutians","Aleutians West (CA)","Aleut","SW"
"Saint Paul Municipal Electric","Saint Paul","5799.8151241174501","3011.0707046036937","0.51916667000000005","41746.181818181816","21673.226199760004","0.51916667000000005","44173","22933.149313910006","2.2638263192447876E-2","PCE","0","Aleutians","Aleutians West (CA)","Aleut","SW"
"Seward, City of","Seward","7913.2976132489039","1521.1885046273746","0.19223193401452665","17064.516129032261","3475.8064516129029","0.20368620037807184","65612.903225806454","10723.790322580646","1.5240904621435595E-2","EIA","0","Railbelt","Kenai Peninsula","Chugach","SC"
"Sitka, City & Borough of","Sitka","13117.055947854427","1241.9880499728408","9.4684970080957415E-2","36445.41484716157","3394.8845913911418","9.3149840813392212E-2","3470.3680598877104","325.63942607610727","0.2881538738090958","EIA","0","Southeast","Sitka","Sealaska","SE"
"Takotna Community Assoc Inc","Takotna","2411.0901830732073","2464.1341671008181","1.022","4959.4735536980643","5068.581971879421","1.022","4331.4472544355986","4426.7390940331816","0.23086971657705277","PCE","0","Yukon-Koyukuk/Upper Tanana","Yukon-Koyukuk (CA)","Doyon","SW"
"Tanalian Electric Cooperative","Port Alsworth","4180.2948165084217","2853.9917786007127","0.68272500000000003","8498.6739203962643","5802.2571523025399","0.68272500000000003","2521.6552259237183","1721.5970641187705","0.39656491883567696","PCE","0","Bristol Bay","Lake and Peninsula","Cook Inlet","SW"
"Tanana Power Company Inc","Tanana","2859.3913300630052","2040.676107482715","0.71367499999999995","11734.080697505269","8374.3200417920725","0.71367499999999995","10346.519891302343","7384.0525834252003","9.6650855602243221E-2","PCE","0","Yukon-Koyukuk/Upper Tanana","Yukon-Koyukuk (CA)","Doyon","YU"
"Tatitlek Village Ira Council","Tatitlek","3447.2250000000004","2154.1709025","0.62490000000000001","6074.5714285714284","3795.9996857142855","0.62490000000000001","11772","7356.3227999999999","8.4947332653754676E-2","PCE","0","Copper River/Chugach","Valdez-Cordova (CA)","Chugach","SC"
"TDX Adak Generating LLC","Adak","3494.8111163447952","2836.5051840799438","0.81163333000000004","15744.154344155828","12778.480418381163","0.81163333000000004","10124.566489556386","8217.4356147250601","9.8769661005388448E-2","PCE","0","Aleutians","Aleutians West (CA)","Aleut","SW"
"TDX Corporation","Sand Point","5128.5574769074738","2995.5477013778723","0.58409166999999995","10676.673730527184","6236.156189308751","0.58409166999999995","4011.1417661425417","2342.8744927929465","0.24930557389939517","PCE","0","Aleutians","Aleutians East","Aleut","SW"
"TDX Manley Generating LLC","Manley Hot Springs","1914.6931910564163","1290.0085880799788","0.67374166999999996","10998.620110650189","7410.2286810450423","0.67374166999999996","1155.9631378584186","778.82053495917103","0.86507948847974359","PCE","0","Yukon-Koyukuk/Upper Tanana","Yukon-Koyukuk (CA)","Doyon","YU"
"Tenakee Springs, City of","Tenakee Springs","1946.6747967479673","1339.9611452726015","0.68833332999999997","3914.3436276767616","2694.3731840030255","0.68833332999999997","1727.7655710073259","1189.278628950824","0.57878222415149627","PCE","0","Southeast","Hoonah-Angoon (CA)","Sealaska","SE"
"Tuluksak Traditional","Tuluksak","3149.9644970414201","1889.978698224852","0.6","16167.661565005477","9700.596939003286","0.6","7265.1866869554815","4359.1120121732883","0.13764271216808274","PCE","0","Lower Yukon-Kuskokwim","Bethel (CA)","Calista","SW"
"Tuntutuliak Community","Tuntutuliak","4495.6104241496505","2922.1467756972734","0.65","16022.784313725491","10414.809803921569","0.65","2843.7254901960787","1848.4215686274513","0.35165138247259187","PCE","0","Lower Yukon-Kuskokwim","Bethel (CA)","Calista","SW"
"Twin Hills Village Council","Twin Hills","3657.2334453357257","2028.575961291594","0.55467500000000003","11806.25","6548.6317187499999","0.55467500000000003","13615.25","7552.03879375","7.3447053855052236E-2","PCE","0","Bristol Bay","Dillingham (CA)","Bristol Bay","SW"
"Umnak Power Company","Nikolski","3480.2666666666664","2088.16","0.6","10302.636363636364","6181.5818181818177","0.6","2949.363636363636","1769.6181818181815","0.33905619085781219","PCE","0","Aleutians","Aleutians West (CA)","Aleut","SW"
"Unalakleet Valley Electric Cooperative","Unalakleet","5253.1894394643841","2056.0107759384041","0.39138332999999997","43408.75","16989.461126137499","0.39138332999999997","16486.795454545456","6452.6569060288639","6.0654600996113972E-2","PCE","0","Bering Straits","Nome (CA)","Bering Straits","AN"
"Unalaska, City of","Unalaska","5765.7558549840705","2570.4219888981706","0.44580832999999997","188030.69601100413","83825.650577403401","0.44580832999999997","18953.193947730397","8449.4917420037946","5.2761555796760458E-2","PCE","0","Aleutians","Aleutians West (CA)","Aleut","SW"
"Ungusraq Power Company","Newtok","3744.4511278195491","2995.5609022556391","0.8","7134.8125","5707.85","0.8","2527.1875","2021.7500000000005","0.39569679732904661","PCE","0","Lower Yukon-Kuskokwim","Bethel (CA)","Calista","SW"
"White Mountain, City of","White Mountain","1765.2268622353372","1212.1224512856877","0.68666667000000003","8809.177240778421","6048.9684013651067","0.68666667000000003","3939.2521891868341","2704.9531830391334","0.25385528825622777","PCE","0","Bering Straits","Nome (CA)","Bering Straits","AN"
"Wrangell, City of","Wrangell","13507.619047619048","1434.2857142857144","0.10618345907071847","33884.083044982704","3626.2975778546715","0.10702067909114119","0","0",NA,"EIA","0","Southeast","Wrangell","Sealaska","SE"
"Yakutat Power Inc","Yakutat","5234.0866710995651","2633.0508998386063","0.50305833","39180.563049853379","19710.108616318943","0.50305833","13942.897360703813","7014.0906616370685","7.1721104597554153E-2","PCE","0","Southeast","Yakutat","Sealaska","SE"
